site,A,C,D,E,F,G,H,I,K,L,M,N,P,Q,R,S,T,V,W,Y
1,0.030442605347542034,0.06956066568650131,0.08801546247955383,0.04702761707993014,0.04156415742805263,0.039200708820587266,0.031182406839997467,0.06947113082945518,0.08067858334064949,0.04108776105669317,0.0702500010958932,0.06380510349200551,0.0057477455935464996,0.038608967514667865,0.052973511256455295,0.02693475948074363,0.0471040813809766,0.043956161105802194,0.049711436897965235,0.06267713327298047
2,0.011385592882990599,0.0247873974094826,0.027133846526189,0.02169849776071703,0.05897892158853137,0.009172847606805533,0.04887266522208614,0.10749673349162427,0.12453688207043907,0.0629812368330509,0.023205364996832067,0.07733140370051027,0.012901941194746367,0.042910468022060666,0.05786005764814827,0.022036917473275533,0.033877534537602096,0.061851484057609964,0.07432256461343484,0.09665764236386261
3,0.02686008631731147,0.05417090089713117,0.030984573496798968,0.05410599772200663,0.05102717194919023,0.004146843307426766,0.0512364243369543,0.043197357920611135,0.056106412961271564,0.056357902652712434,0.02225692921304857,0.09991210113569989,0.058472188797760595,0.0638260210791254,0.05862551927508397,0.0482167978328018,0.06843248992989304,0.02847081433416047,0.05870051969409781,0.06489294714691286
4,0.10101492208376367,0.09452083892978624,0.0197392541510943,0.03546068976445417,0.03881493125333333,0.06494425167305334,0.0357182965993448,0.0659883095409114,0.050161023488780765,0.034817886889130165,0.0567243324593955,0.0384003197546641,0.03144709338261723,0.032524172314491034,0.019314984148146933,0.0523751755608391,0.0377912916740053,0.1016010467795276,0.021999642544322767,0.06664153700833737
5,0.04974110820895394,0.05203356521384377,0.023039697837917466,0.0120474831889895,0.08080640141050487,0.07483306435414326,0.008014669782989666,0.1254431834928607,0.032978089826299,0.07793941977063516,0.049725143950291505,0.03149268221073467,0.012017400536483034,0.0157380677828197,0.014260788471670768,0.03257338663559214,0.05480635375884199,0.030926265889496735,0.156134163675445,0.06544906400148616
6,0.15956755317331092,0.08510172968692387,0.034219200105326635,0.0631376699105446,0.03338001758377947,0.07278039134670897,0.032756117094738,0.03493473235963263,0.018988773928858133,0.03621212596862173,0.07371154486854886,0.0370431052753552,0.02045686143905207,0.0259222796330973,0.025917577827554467,0.05974515257618763,0.08744757181453221,0.028519149816031264,0.03919687587815873,0.030961569713036468
7,0.038411116093569765,0.0307569564587758,0.06454364408535133,0.0625188010417541,0.12093890741913689,0.05737472416754033,0.035055467614297765,0.06640537362851806,0.0162982568200193,0.05377825815319907,0.057104138651571136,0.06433793096723914,0.035834910512178735,0.015501938416970935,0.005949468381277267,0.05739523352839329,0.0444556400739243,0.03448591165066627,0.0866069554033031,0.05224636693231236
8,0.07582619424399006,0.0968570404465156,0.015552512472547667,0.03733814549773396,0.05044358669585014,0.07942872945822048,0.050297483927566,0.07632715569223007,0.013876277710793932,0.030257326855057633,0.043543562769674395,0.03906015155404463,0.035962377450198806,0.06328488031446212,0.014915720662390365,0.09831912122554166,0.0421295745705251,0.044316174746043636,0.035072574276922,0.05719140942969079
9,0.05159044560414067,0.03592727732934447,0.09252025973196126,0.0493408817867411,0.041343906822035835,0.0435436777438904,0.016135909405971833,0.03885565303481713,0.06542671995597381,0.04793785003612693,0.0580736766673395,0.032721997000238735,0.05478637995580254,0.03010643233807993,0.059952090614370464,0.038122485332789,0.04723967881561939,0.07798826447290066,0.0653611224572319,0.0530252908946236
10,0.030963252593363702,0.05950500095221813,0.022312198391365935,0.0848123122463522,0.05131089746994887,0.05192726153225021,0.04181832848111507,0.04833225004728597,0.023724606596508466,0.035524274099063696,0.07925992109148004,0.11817403720077728,0.06039167089166723,0.05396300415013457,0.017484913100812502,0.0216044922976879,0.09085590540022283,0.011191748321249001,0.06730295674381666,0.029540968392679
11,0.029895666806291337,0.050431030228898034,0.0458100961748924,0.05073317531825341,0.05301033006323027,0.05123339758841474,0.06372365147931906,0.1140189531523199,0.07598659667130557,0.05358388820857483,0.05277310336230967,0.03573559940171194,0.06465651853857717,0.06171890135023514,0.0399772648215977,0.024800983237157598,0.025013694018814498,0.03731054305983154,0.030953661293529264,0.0386329452247351
12,0.0378715497286058,0.040134779183368136,0.07070803119928376,0.0608031750680684,0.06285179432632364,0.031646347204131134,0.02906674228918447,0.0681463573286455,0.07416351076585541,0.0468508254562079,0.04849307327842586,0.0377823209418065,0.0598486664946243,0.042177188530756166,0.04211029814903824,0.054491827380820534,0.0675928670747203,0.026378762379626997,0.047470022544470365,0.0514118606760357
13,0.029580312703661,0.04370031271707157,0.10516368818317635,0.051818830060940964,0.05856983587329843,0.028789939048039264,0.04814196719233813,0.042715845853155666,0.0438800910223763,0.034390674599918035,0.05565375988173223,0.050034611837574496,0.027188993272400434,0.047588895198547664,0.07438029669702402,0.04647071729072863,0.05099688843979597,0.0694317609467056,0.03848199463995427,0.0530205845415599
14,0.051951185124915734,0.06622347043859773,0.0390906372316065,0.02232257195271327,0.014157797837862265,0.0981108493066653,0.017453454897244633,0.06835657884111583,0.0097779069855696,0.04417147646594096,0.032611005500884964,0.08968978045634816,0.017012551876766733,0.01872438256376543,0.0328756117122167,0.11096683385943686,0.11020165242714386,0.11065854986525187,0.018366246115096335,0.027277456540856268
15,0.0463190451960487,0.053701617075939824,0.04405229937014767,0.04783226849492594,0.046257852920374765,0.06339325053498386,0.05941427147018117,0.06630899823009154,0.0534814094860959,0.04206002079947733,0.06472884073933594,0.0359178257631081,0.0326159551632899,0.03329195043975977,0.0471785359283659,0.04950923298334973,0.041496201306131034,0.0487239184021748,0.056713060945722205,0.06700344475049504
16,0.1553842845109447,0.0811383457049928,0.0402582031919631,0.021203593828534466,0.0425199603650148,0.07829526144584513,0.012848652295844499,0.0493794721574946,0.017313690875725533,0.018090294849231667,0.06830335678531083,0.022093198122038735,0.04328838909529433,0.0243499673707824,0.005892502306641233,0.1321531474494083,0.09067188822981768,0.04588799177436023,0.032611543419024835,0.018316256221729332
17,0.0516405787216943,0.015662137466078634,0.0655678091074035,0.04581494147199927,0.027341786211404536,0.026654518964237265,0.058672879039900296,0.06425722142330324,0.060204691633830694,0.0458813442497309,0.043240278883921734,0.09385299078061089,0.0031426226535272335,0.06963309873353873,0.056751588420590166,0.0536944023548697,0.06255579961136316,0.06298708879851776,0.03721428197706243,0.05522993949641456
18,0.061286429480402804,0.046093961193240635,0.06914973261721354,0.0928275569884342,0.008938622235607133,0.060635768173725534,0.0931514482902952,0.004989475633285266,0.08597628549659476,0.005490711164452401,0.022880855690192766,0.08249232323227228,0.04129797950984993,0.06708849949683289,0.0572118781770815,0.05954298829983523,0.055089398842255104,0.0034102728782846995,0.041646406600519964,0.04079940599962327
19,0.04695011018675684,0.0191063034352207,0.06728031307235548,0.056898105038770665,0.05349075197176626,0.03777688487226966,0.024039373294717767,0.08059727995160992,0.032596787288729535,0.061041320218244766,0.058889034428316694,0.05131750866263107,0.04900656970587693,0.037992824776600466,0.0353923668191286,0.04275786619307003,0.051279908246133994,0.041430002140509965,0.08118713564779327,0.07096955404949644
20,0.03951997706977073,0.037856536026202765,0.0440102645236981,0.0308130026293759,0.0349932892163689,0.03909313626627923,0.08469407306408587,0.0404900880138289,0.0588883322301745,0.06616979821366703,0.06976659402183664,0.05902772847955253,0.047468128840137964,0.06612697087319097,0.023482843074754133,0.03302608576144397,0.05951282848976657,0.0631150435536,0.05873880707599797,0.043206472576266426
21,0.045455240696224065,0.018223951565364365,0.049086757178324426,0.034441289497185036,0.046872064076773134,0.04904683724729317,0.04960424753120416,0.07329035860220554,0.018289948477368333,0.069355319923517,0.12472113732406427,0.05161608307332954,0.031335654861552265,0.030184241321007735,0.03775558942117623,0.042439934708953096,0.03846590613123403,0.07084381106317093,0.055603439243612364,0.06336818805643933
22,0.03758453628611527,0.016655976056262765,0.05063807651969703,0.08090932164208253,0.039212100844828866,0.060970998399735236,0.062237993623189665,0.050624177975953366,0.03468601430592047,0.04966100741033821,0.09518119455034575,0.049645058806568,0.03534249121697647,0.031210806296255,0.024596150020879365,0.06769575521727002,0.04330038089697027,0.0378057738590821,0.0760651669868239,0.05597701908470467
23,0.0246314211516153,0.023957752336100997,0.06481810649647096,0.05982583511365497,0.04884595037465467,0.0354709523596539,0.060689810465485494,0.054018748912061265,0.0228114463020318,0.041480741857314866,0.07085253204341492,0.09238824777289843,0.03545343424261203,0.04802167330842919,0.018915793781419502,0.0607205812953406,0.04647654957501767,0.039411448825860236,0.0221873669292988,0.12902160685666345
24,0.03757467597152153,0.014626997628172366,0.07973188014633836,0.05625920247771896,0.049351326223910565,0.044775467649513366,0.0625491744634536,0.0978104564642312,0.058441754349047394,0.05778539162398347,0.07141204308481036,0.03351506694487003,0.0610705136790883,0.056202196402416166,0.042570921844738464,0.0236343335091366,0.019063313097223266,0.04339332568390127,0.033728552718736836,0.05650340603718701
25,0.052970532916615166,0.0197068466859543,0.058588483661447005,0.09036959072213824,0.061072154458729024,0.04521930940796173,0.035873289059734866,0.047680177603669695,0.06956590839437533,0.044495401353990965,0.0653673387592629,0.0492310063509419,0.06931097993042214,0.0384791970609671,0.06447382115213757,0.04533634837582203,0.037707517919092666,0.036117173373867696,0.0337226486172343,0.03471227419563447
26,0.04817978217795893,0.045371467365052064,0.0367918341701889,0.05484582388961643,0.05842001135122387,0.04618480672788144,0.04670524119238017,0.06623332293967364,0.05619039074521897,0.07342740986604143,0.08567978307242159,0.023038980761643735,0.024195517405981734,0.0506687070463345,0.029083713719960037,0.021781735829307165,0.0605028903039469,0.0493767976923243,0.06577890883037317,0.057542874912470066
27,0.17623519948973013,0.02041301795797797,0.0221076209384249,0.048159449574478326,0.03409329142820233,0.05510629509179104,0.023670621658897998,0.029303724284015103,0.03249522040032303,0.024751419240750968,0.049282400161717,0.03315123974764216,0.09011270812215304,0.0303099595572416,0.021302867968772066,0.0723542247365825,0.0764036158349738,0.07646658922592907,0.04759626430723753,0.03668427027315856
28,0.05061882454506513,0.03874595889280983,0.03802433562419394,0.036274557568889365,0.10451810335946866,0.030768222896319235,0.05337328435576003,0.061223454537085935,0.04901225785034143,0.0642927014497915,0.08102245622038647,0.022887307154075567,0.016173287290364966,0.043109090257247705,0.022684232866781767,0.016504944858288666,0.090334106627544,0.06789312912141163,0.049463393421296666,0.06307635110287661
29,0.021799798245731732,0.04482150045063246,0.0324186011009244,0.03731731775635447,0.06334075279873407,0.010978034119626398,0.021158233068103532,0.10151741208269723,0.0328568343438215,0.27112417906165615,0.07150905584942628,0.0256900442344338,0.016053923244072132,0.029588938453410433,0.01271642425892,0.03447639907887993,0.053395562012873266,0.04860740598062774,0.035093535368165965,0.035536048490907635
30,0.0307818582628779,0.33889714490074957,0.0634749644005632,0.041982243889576665,0.0396562103672381,0.023454333605981998,0.045594915048196995,0.03807844950790947,0.031364710342037666,0.025652075084905263,0.040354797840153264,0.029971580028670036,0.019285308283098802,0.03300188468465837,0.029521128720429866,0.03149335723602477,0.030847389827070998,0.020677860380208066,0.0246985645593049,0.06121122303034323
31,0.0400793900382728,0.05493957268482553,0.021244946293929534,0.030123435416718063,0.0352743725664173,0.011832400607247233,0.02453516698879753,0.07592210709921714,0.0211039457813649,0.2388493307231249,0.05486378582741767,0.024446674875158367,0.035574822940276106,0.02355550179930697,0.04055357336990733,0.022324340129139034,0.0531993821786951,0.13476075416018737,0.0371065672502592,0.019709929269737
32,0.014927388240750336,0.02367040941343777,0.022655739262441202,0.03509211271553104,0.15121271675008727,0.2958129465639585,0.03298842316531303,0.0239599652085247,0.019074643192763235,0.016833451079289168,0.035953356978003566,0.043779687357067575,0.025081558510609298,0.0396249476824595,0.05813653824721202,0.028693179662835033,0.0214546473858053,0.0339431821693365,0.04806313552486457,0.029041970889709532
33,0.0117326210142023,0.0200690944344455,0.020521472770775533,0.040916257548458505,0.09730685097753124,0.013756276114106436,0.24660470891181596,0.0163190937966353,0.07261186092949656,0.021660980763994298,0.05889039628978487,0.04595530513508963,0.019279812358317466,0.04125609608053827,0.1285902086030367,0.0114830329922302,0.021186941029059398,0.03245939852892953,0.04225395217187117,0.03714563954968033
34,0.018706710263858065,0.02607011118222863,0.014025212239197832,0.05576428381887316,0.042034545413470535,0.018278347288957265,0.15718058655750133,0.07695384240204904,0.037264041659520304,0.05173695556665107,0.05775625150636834,0.05496138980896903,0.026723213530362434,0.058937807071184796,0.028673839428391034,0.021907021277491234,0.05221252803313914,0.05692784671957857,0.061515719352897735,0.08236974687930954
35,0.1925174049133489,0.0389429388262984,0.014035754386123667,0.0336531788196217,0.043883600636238064,0.015737929475047832,0.021057387765284166,0.03221190590021167,0.030716931871846365,0.0146381447533541,0.04064051196013743,0.11012374907038384,0.021834160055284334,0.028311917909217037,0.020835044727134,0.11205428835398319,0.09593336520617728,0.019039581606555733,0.0355624587102215,0.07826974505352984
36,0.054038310781246296,0.0213914696737332,0.017884119944013132,0.03126140649461607,0.0942056954538547,0.0195835022701045,0.030210829899112668,0.0616851372013695,0.05033694572757156,0.08336586881691337,0.040915452266322934,0.043701754327095534,0.03340675258668547,0.024404026538119766,0.0238166634822661,0.020860323320032167,0.05342964888913184,0.22512820776175513,0.03469837327722627,0.0356755112888289
37,0.0602432664048172,0.0324058852867737,0.025448176839772668,0.013988491659931665,0.05170342281524013,0.03334729700744777,0.08133551908631817,0.03661309086279487,0.05835555869099907,0.05881071252796074,0.0687120373419545,0.0359963178829548,0.07312713580500826,0.06328779702115477,0.050664580331040536,0.06929151648226099,0.07508809740734707,0.0417373748416752,0.04673969067814023,0.023104031026406836
38,0.060418062522799236,0.017566708963898232,0.048070466501149996,0.0788883524025547,0.01766666287104847,0.027173371143525932,0.1168645398073583,0.004784168212003267,0.0637355631675924,0.06668007173276107,0.020249363662222065,0.10715627658381756,0.004178468020527767,0.0846623708785823,0.0696335062795085,0.03877486544928357,0.05976125493076543,0.013476223530079698,0.038238182774480496,0.06202152056604016
39,0.046308993697428434,0.025160629987783036,0.029692257050576303,0.03841332541423467,0.016768990309178732,0.30297640541024673,0.04831298992702193,0.021172632404690698,0.0343023469314315,0.026886912820012997,0.044861892715642004,0.0857767318093927,0.0560224150739475,0.03637805192344807,0.0206347680488722,0.022234986085417133,0.021602739715879598,0.05918166728680823,0.03386928306048167,0.029441980327504964
40,0.04448413660447853,0.0276264389501279,0.011728599022189298,0.050521953447688665,0.10902264891255153,0.0152208717477292,0.07747333480985256,0.0749285869534549,0.061186837797033995,0.0226295232753554,0.03502249279589893,0.009870695777377666,0.035173502005297064,0.06983327632414736,0.015231070409197,0.032657822965678505,0.09199122313744461,0.08713532603765917,0.033594810740283,0.09466684828655374
41,0.03526930205006836,0.03199591865046406,0.011885955602223967,0.0245476513656999,0.07932231551999946,0.016112721375578534,0.034272124687275606,0.08633048190626354,0.04168526494653307,0.08306489794339866,0.07867083605411426,0.0346615091300058,0.0202378665939353,0.035313559531991605,0.053499362795504664,0.0350499705607235,0.011575198267045101,0.08177289172523573,0.11185858908145609,0.09287358221248197
42,0.051143104409046534,0.022453974167147835,0.02202645870066917,0.037961026399455505,0.03037281278614343,0.03286191008003727,0.013348170642647601,0.17446935318068887,0.022890094171607398,0.07804141200888673,0.04763595396146367,0.024432575810929502,0.024687629597046,0.017041764944270867,0.027084126429667132,0.015579000742200233,0.0195891555947246,0.29043873910649515,0.023563085338784467,0.024379651928087203
43,0.08478753438209084,0.013858649098933569,0.018635049769084266,0.020295714570582567,0.0194754663754503,0.0375674221547631,0.058657934794515865,0.0193046492606286,0.12731859470165088,0.017052141836733165,0.06623411726550911,0.057167744508450934,0.009566725400242967,0.12253980327941587,0.12097652118721929,0.06525042527294046,0.06858306131530684,0.027133781847586802,0.024844252812292664,0.020750410166601035
44,0.08585168767462814,0.023054449400604537,0.0301535623361737,0.0273428510463834,0.0186322052121465,0.0735335719202878,0.013664618834392267,0.030317883747214402,0.0376004271314019,0.0474576340245331,0.05471547022381446,0.021669236921533264,0.033341056140497295,0.034707792074797565,0.0227771771764331,0.12571085655408457,0.2308002553726478,0.04577990080185973,0.0213549543519606,0.021534409054605064
45,0.036292947382057336,0.025913020014872834,0.026351111740806,0.020219804787691233,0.04926163598383581,0.017415478053557233,0.0305792569294535,0.17246477580934508,0.024762194933312203,0.05230230153911427,0.062206325856105804,0.03620934362830283,0.07110147603081239,0.020560957723083632,0.0129229737386002,0.04088711987225813,0.03563845340598837,0.1378043450086224,0.08622053531659708,0.040885942245582764
46,0.059541461810756535,0.016545703591669233,0.03179234300264903,0.06598880456904009,0.027728402890735634,0.037053453303809936,0.03742785934427507,0.03688680591617727,0.04769434085410403,0.06288533363583797,0.061748218509510476,0.07827057497985357,0.007379581893697434,0.055213509848409364,0.07493261987702064,0.06969795324684018,0.08130444319403253,0.073548243329226,0.030896443731927296,0.0434639024704268
47,0.07018827447651917,0.042010663221022766,0.05778841592071891,0.0646340810727919,0.05628202255570986,0.04654132707915517,0.0470690389489399,0.03467903084610097,0.04599394913111387,0.03851227626954296,0.042516635348901904,0.0714685149810279,0.0134935111275856,0.06324954494849537,0.04364817197306973,0.035134187264288436,0.045270186582361004,0.05846984569403026,0.052504458750532924,0.0705458638080906
48,0.06920476376205266,0.014495961360048867,0.08156338814739406,0.09473636932559504,0.0182493082710255,0.04632737797259267,0.03222470672200423,0.03311885984283023,0.01871674306122183,0.04238249160761617,0.03811747930480073,0.11287964787420895,0.0832535187017014,0.057941715995327964,0.029989649137479396,0.06161063283804841,0.056982825685871236,0.020515866966540338,0.0340611885888515,0.05362750483478786
49,0.08345266296741087,0.0087451222785596,0.036574256657099465,0.0675417135760489,0.05572566715488007,0.07091927490977423,0.0584701912959305,0.03768305591282307,0.0519366437744429,0.062198360148150666,0.03580313136492529,0.03901229210869003,0.011093062355823835,0.0858558732046874,0.08550782970350534,0.01716307879483257,0.0222235468682342,0.054872060719247696,0.029723023971012934,0.08549915223391953
50,0.023203549786048532,0.024784625444325734,0.011705184714086768,0.0769331971582653,0.032705544672164334,0.013345102035837999,0.03591996668525126,0.12178617922794277,0.011732868465536332,0.1214584653325867,0.08651165849632986,0.10511251901185807,0.008465770761953366,0.10554214529181012,0.013162608819674767,0.015208102009442568,0.06700679038682233,0.094433506570424,0.012814917300360967,0.0181672978292773
51,0.0916707230600402,0.02998522730046323,0.048207306532735604,0.18937023609409423,0.027430154516195734,0.03802607238047457,0.023570743436198232,0.03352107083548813,0.028280197437545434,0.042663774585386095,0.02649199552206853,0.04648026737260777,0.029096588902360138,0.08393065124009556,0.0224925529199022,0.07911355257136324,0.055256503831031804,0.026660090505793835,0.029367373922667167,0.04838491703348737
52,0.08806285646642233,0.1133866898328376,0.02374263377368463,0.058170793065678066,0.034964705747952,0.0162768291064703,0.023802876218595767,0.05254391043591657,0.031383298805668536,0.025654231789813433,0.0303286411924098,0.05594483241044527,0.0155124709188035,0.0194021582224103,0.016358930974288567,0.017038832421562265,0.0359919958511209,0.29381393685813495,0.02440470356993027,0.0232146723378541
53,0.06758613824737117,0.06960380195442427,0.031629927593543335,0.0397721801847876,0.014490848014395435,0.016262398132322168,0.008438550457254201,0.09173656876891668,0.012046633977669599,0.028984516761831402,0.09118389901711023,0.07826480683127222,0.0102548454809634,0.015204794794253467,0.007996268024725833,0.013440219022978301,0.16251628219647551,0.14233440800146557,0.0219825495555963,0.07627036298264239
54,0.09915830079978753,0.040169132848079,0.04502945959313487,0.10373623941302394,0.0653347345361674,0.03596469785139273,0.02537811843809217,0.015883365620865265,0.0359211202400789,0.019263981984405102,0.0396429769241318,0.08112542413203037,0.0039786554819111,0.06217792647403577,0.05042298614910876,0.12567976369170028,0.05745876768788557,0.012561028024760335,0.02092737623206037,0.06018594387734769
55,0.1540408808028397,0.025141306815629597,0.06388995507584223,0.021726069802924564,0.04536905122761183,0.03491102484579347,0.030511709737499965,0.008558045937002467,0.013074315334883567,0.0808872360788471,0.019066036379391235,0.15701236805740112,0.050736925455158795,0.04355568184731624,0.008587625222419968,0.09426585170122524,0.0753721797805407,0.02969015179397343,0.02113831317205307,0.022465270931644837
56,0.043245694978408494,0.0245288291694294,0.0165087183375797,0.09259758945754558,0.0590202891205149,0.008822890878071832,0.0187227603747638,0.06010974455753843,0.040533080387929236,0.08949966819792897,0.0768226427723409,0.032458484242124074,0.0096341763983422,0.06731847786591734,0.0320873403985685,0.0242638605716036,0.1000920800744791,0.12642367959587933,0.020072618584881033,0.057237374036152665
57,0.029277634762462073,0.0369824348665101,0.0338159424205692,0.3005140133406464,0.03366021321303657,0.029815144993659767,0.0223543096247336,0.014012906652865168,0.09015483152373464,0.025352655149545798,0.0552745727612913,0.023981921728299035,0.014556556137004033,0.028513637520786433,0.0593003100550731,0.030218522043123336,0.0211259871235731,0.019750321308952466,0.11304190385367659,0.01829618092045637
58,0.058307695295688265,0.018467862538327766,0.04405683771784563,0.0378882702520019,0.0502591365943953,0.0265240421467018,0.0245849612334572,0.031099846523314805,0.0282182386791538,0.24974602730047626,0.05302290808858107,0.0180089555132351,0.046847414560400126,0.058234069018166364,0.028688421609398634,0.021849636937724598,0.053778965146649836,0.09133540457677684,0.0249096343639694,0.03417167190373433
59,0.0315682649736354,0.020105887140114433,0.04686382511016204,0.035417331653027864,0.0332601728417647,0.040614369412769365,0.027827214562393232,0.06499213114809087,0.05964772530105986,0.03782569048978973,0.02686526823347383,0.029393833853284368,0.014406563046623869,0.029595585631389202,0.029680310000683233,0.03227740666233437,0.032094068480439934,0.3551448769966612,0.02270140584104027,0.029718068621261265
60,0.054023266112224404,0.020544159348674502,0.03913728322643414,0.08691132890357191,0.06618051593711353,0.05848214597196936,0.06993714398570047,0.0847751516420653,0.05487232485175173,0.029245324287631966,0.059419715719441525,0.010455039659578266,0.0106424804472311,0.08154361681381983,0.015926378265414,0.025739832624081402,0.056051762844301134,0.0980521684401056,0.0371492429371766,0.040911117981712264
61,0.05481817631250093,0.030825709970347327,0.09155733234128184,0.0122845084492823,0.023017550203424664,0.04351713729830006,0.07231740096779393,0.10200074996724388,0.03727933592754614,0.03561267879831767,0.023788423400062802,0.0525535189899293,0.0306369239029141,0.03628113427060057,0.06811560220882236,0.09307209658040731,0.0907021360692043,0.052511978016559234,0.017613118169874334,0.0314944881555861
62,0.061615627463508627,0.018949043767237633,0.049061742937779505,0.05571628102438173,0.04570441537934186,0.06241914234359053,0.0501468094132268,0.04733864242949487,0.050346570226505676,0.0394197585357284,0.052810231112579493,0.05595212951011083,0.016694282042450433,0.05763815418979148,0.046356457241371864,0.0596654062942498,0.06963151151948817,0.053780149832959534,0.03428300586361193,0.07247063887258998
63,0.08697832401086285,0.02779270505749897,0.03361142790932293,0.021472690009733033,0.047160757254254705,0.07420753129591484,0.032666623883747165,0.0645970054335512,0.024042957047512734,0.053191854178289165,0.060087949311108,0.037141564914569936,0.017908037255407235,0.026466310740905833,0.016054788804292633,0.10107600827324557,0.08612353781164124,0.058800015129793964,0.03949665409966327,0.09112325757868384
64,0.02515632556704543,0.016960780424897667,0.05583298515054013,0.03933067230187953,0.06267625645450829,0.0525586523903064,0.0539305677553829,0.061755091522768264,0.07272224307873297,0.07171664124437187,0.020422828346175433,0.07282511635091743,0.04863051068990263,0.05160776263506207,0.043919646801688694,0.0656679322210897,0.05927834516236724,0.04276384701013397,0.032715825558394904,0.04952796933383357
65,0.06163456004036683,0.041373036095951436,0.039218019679235876,0.049495129724337665,0.05406009993647867,0.12755165263725285,0.04438812856953527,0.024349754990139635,0.0456190076227616,0.038479520300130965,0.0377107262545723,0.05111804257544176,0.06275295889312983,0.05000287047241906,0.0839905847726173,0.04794647908135704,0.04517441437356567,0.0171065173393123,0.024582561506408168,0.053445935134984864
66,0.06776572363463573,0.02864002647363577,0.0190509393274505,0.053581547851697726,0.04258756696825883,0.0062398068996435,0.0605111155613641,0.081781320555669,0.08992330773870377,0.05979200446460977,0.061398097660286,0.025961191740279,0.0303138832950894,0.06993806336128143,0.05128995614712523,0.0426508546621433,0.068826244547796,0.07354797406854341,0.0303257456686693,0.03587462937311737
67,0.017045683781289764,0.027734986176596737,0.033242341166451965,0.1027952592712464,0.037147237185061896,0.048973950192806336,0.031058049182086867,0.2563495565949692,0.036224358361234464,0.10723955592043516,0.03558091737160013,0.032811624812967635,0.014515854759378199,0.021586642607447165,0.0142855808308724,0.021109338248725334,0.031734491387851095,0.0447826664866903,0.054286553515763065,0.031495352146524935
68,0.019723304953151034,0.38377495837679093,0.043676264669031795,0.0389450685444143,0.029990145365506832,0.026627727881400203,0.03506031389551773,0.020824460811911933,0.025860590502624497,0.039528534455763605,0.022608903867248568,0.0239506852113094,0.024338750583794366,0.025520522522049238,0.05591748183151846,0.034538103034794834,0.025606330813714367,0.027441153586070268,0.05244083584077367,0.043625863252613
69,0.07367590805711487,0.018134170770346066,0.1500618063882766,0.0926790087534556,0.02260586994497257,0.09420280195565867,0.0639095017447944,0.01600258079320367,0.03213466688381487,0.023250984064744632,0.023322305003059166,0.05794208646980093,0.014115294038522666,0.05104480257236423,0.02799196004611107,0.08286779682579866,0.03683225945506413,0.0287462672291413,0.033407836511693365,0.05707209249206167
70,0.06383806394974446,0.007872221050517634,0.021209008481532333,0.1135205887664289,0.0204848914558674,0.08596003461390221,0.055472116291661266,0.0061852429672823,0.051208041602642564,0.02171403728508937,0.0621199109613122,0.0426782034076778,0.008973135281240068,0.13051865719030653,0.0667714528451726,0.08550899825089851,0.052571152732345694,0.034802548022246395,0.017376430377616534,0.05121526446651433
71,0.0494305026548913,0.029376369131856265,0.031053624093846804,0.04176995040770787,0.060521241895853665,0.0392579646136537,0.0364667000411396,0.0356033249013697,0.0607679498029444,0.03313322880487747,0.0203000750196442,0.0193127652637,0.25425348830808503,0.04580445898019164,0.029351757797425534,0.029632406449267634,0.04857865080625876,0.057774730414619495,0.04048472330271303,0.037126087309953
72,0.03523196497172357,0.013907206894379201,0.014159088869731001,0.016290783347528565,0.12334754147446186,0.0306101632877978,0.14120481612862998,0.0619675892251334,0.017733953439909033,0.06355074399523764,0.05119033170746764,0.052969053619069804,0.008847490407464602,0.042306774720859,0.018231870132373835,0.009537432245935068,0.018208891160153933,0.0268261530271184,0.10797408344861507,0.1459040678964097
73,0.0610221958074215,0.007868706583497634,0.036119478919216,0.05294992291192333,0.022610980234381836,0.02512779051967763,0.04875746142832973,0.0732808707900609,0.08646675838216789,0.0871920945037389,0.0319566067030434,0.11207814647281533,0.007416311529634401,0.06411712418520593,0.05664884640884624,0.05579176741259967,0.05961895053582727,0.0802796357444092,0.014006497162930032,0.016689853764272233
74,0.022699866753798897,0.0230445914286775,0.0207821397429529,0.0209711891533933,0.051750596047623866,0.036208681308257065,0.0233184644426097,0.2509427312502757,0.035761639905332765,0.05590853750873926,0.03106964593741393,0.023810338526768032,0.013938957608848335,0.031542367485574034,0.0218603571736336,0.02269028621501387,0.019639087629781334,0.19701324136506074,0.0752556938015293,0.021791586714714862
75,0.025055012096077366,0.0381804572569239,0.03210243552203673,0.0219987876733797,0.024330449325715736,0.015880036141910234,0.0155610188673874,0.12164608908350599,0.01851039747042287,0.22934884453289983,0.059512310831838666,0.016694858454060334,0.02713648956298273,0.024701107021641466,0.0153631743596509,0.023226837218658435,0.022252571955143168,0.21033790391094068,0.029810991609860633,0.028350227104962235
76,0.04010943360532517,0.04010542606581966,0.3440686175088084,0.04322118487082683,0.016566009464471333,0.022110378330891,0.03523938487507757,0.0350840871828445,0.026535444677651635,0.0220722195786045,0.029961081729432168,0.039219723286483134,0.03586396593887064,0.03370568857035056,0.027318774842356366,0.03522512443403054,0.02207197952281717,0.048285012048175396,0.03897161622828537,0.06426484723887714
77,0.021537148330881467,0.0203905809525358,0.030931055978435068,0.04819614508624209,0.024946753299452534,0.26663163685802466,0.023800010141494268,0.04354286267199523,0.0290300971861833,0.021750853961646735,0.032697624966509437,0.0204543345372071,0.014433786878132134,0.029474775061521463,0.027748870347140436,0.0253985310978333,0.0394987722644664,0.21744037435848043,0.04536138955767663,0.01673439646414057
78,0.06693932862847723,0.018097547666882863,0.0692503032671301,0.0395237345086161,0.022260914846715604,0.14541578770543054,0.0333396004681312,0.0294926268591799,0.08308294084141972,0.05330904044733297,0.11132021315929146,0.06648674180024416,0.0075838748212382,0.05733852573657777,0.048120477519427406,0.0182151601859708,0.025694823877113266,0.04106486073336303,0.03924962724579093,0.024213869681665834
79,0.058216870848593595,0.015098514753548634,0.0455277386960079,0.06357216127827274,0.021679754916911032,0.06821002443557807,0.06198123514442463,0.015700583319776768,0.05184438395949497,0.03340188788778693,0.050691154016145164,0.19869380014579255,0.018439255245251734,0.0648645246493084,0.027867346858814798,0.03766873297123727,0.06352014964466383,0.018175991767812167,0.039266240626709,0.045579648833868926
80,0.014372538268160802,0.28759991631908766,0.2178725781332513,0.0606954824710283,0.05948400515256803,0.0275744089117476,0.011936419422641903,0.017150926883491235,0.022777983769805537,0.017196343361048,0.030000701853343536,0.024617645114345766,0.024646997858109063,0.01979459878542007,0.013792161282053699,0.017788404147024667,0.05858075105015526,0.016835373969221034,0.026817895029304234,0.0304648682181914
81,0.040531568220110566,0.03218614436885417,0.024694653727196498,0.0227438261132467,0.035332491981587104,0.03707833438340983,0.0373885903664473,0.040411148165477896,0.05368170951664031,0.05627064362032014,0.08013191495625434,0.0306529220104375,0.018498422526015433,0.03426283496123286,0.03015243950098273,0.09740696328391507,0.24709594747912214,0.031882045159583365,0.031003958815991134,0.0185934408431741
82,0.016072551485661366,0.022096807089618035,0.0271797162793172,0.028717741321727035,0.059872320395531364,0.015761239580067966,0.020994484650782397,0.07571625298742217,0.0255263314065953,0.3622395056393584,0.047025198824362596,0.0199740129151291,0.0505826308324237,0.036484477124253435,0.0361213689816535,0.030710860889721567,0.021594498491313133,0.041139483937039235,0.0332680328513345,0.028922484316687164
83,0.011733319201448133,0.03401746581031243,0.018284038357515367,0.02814736694628463,0.02662732488161383,0.01749493078883403,0.0240951101644325,0.2585833146561628,0.1077833811363374,0.07068393506207539,0.15818052915061734,0.020404535953725298,0.017257064975142233,0.01638322022733923,0.02373664372619247,0.021154193262417232,0.025854955207001467,0.08085745720514982,0.014974521420300034,0.023746691867097335
84,0.023588271160432734,0.05377407930231063,0.35486172605955657,0.031008743311800632,0.02572165834097333,0.0316566317188563,0.023256064751980332,0.0257846141164442,0.02652741848586544,0.01749597347169597,0.0417765833703611,0.03075664029127707,0.022454336722847898,0.021688460451344763,0.03796468023130644,0.04521891345346227,0.0179353874366889,0.08194863967975023,0.0342251753808965,0.05235600226214784
85,0.2749445130213514,0.07072554385893949,0.038917051592905066,0.024757358455546136,0.026130722831920566,0.026741153730185197,0.026226891656705203,0.09047707940925483,0.033919151204305,0.017926723607876265,0.0273659498214648,0.017408649561298468,0.017190931652193733,0.02782327862772557,0.041275881718717565,0.07583298290006972,0.0726221482947648,0.029144132399709265,0.028775557045264567,0.031794298609801507
86,0.028152751920568934,0.016734483925294797,0.0132800849061391,0.017640957787414768,0.024051838354215635,0.027266363564200997,0.0203056067188709,0.17484384043116005,0.022427324821057498,0.30366946671068384,0.0757785518934394,0.0172986697530794,0.0360544973239104,0.051894948380663906,0.02259401624551317,0.016052021362905202,0.02457098699835697,0.06115017188434654,0.022744390727021002,0.023489026291156567
87,0.0243108212978722,0.020943516505563402,0.026591704358635435,0.030145515549895936,0.04287230521104537,0.032359979397323935,0.08604852884134316,0.07143200230693326,0.06404230715963376,0.28119583034972234,0.030391314642543837,0.03791970699966027,0.018911066665324935,0.034190664010691735,0.014025605889400668,0.025821832126106833,0.03337531723381163,0.052055375385308696,0.04570584444149617,0.027660761627685434
88,0.018172419440954067,0.025967490226339433,0.037301633037023864,0.044152933351179834,0.03216122016382966,0.3550405185786367,0.042254145933362165,0.0297480524280954,0.03813592694194153,0.028042640298480432,0.0561663640591597,0.030486243855877032,0.014141940939924132,0.03246663167093943,0.05068037840595377,0.013692313212886567,0.023384567153755198,0.08060459877362038,0.03213912946951507,0.015260852058524801
89,0.13632413325709827,0.01955866129025587,0.31012110029945766,0.028335104731648866,0.018470224951911068,0.03994188514400734,0.014959202912023033,0.0183617811447222,0.049651279802701835,0.01664303325518497,0.029293381299322033,0.0285516300247794,0.0196616338255259,0.027221990786146465,0.021835050899171232,0.06135267758553333,0.040574385436979,0.06234231873367931,0.031269357951628565,0.025531166668222634
90,0.028323098399373636,0.02193396827814717,0.051758588646540336,0.03237734699896707,0.0527797127910302,0.021512742102529833,0.05344188249381301,0.052769368145949264,0.03591320418561527,0.020497438918767635,0.0179916998801706,0.02628016481210557,0.3324573172935057,0.024743769983618602,0.013718816418717266,0.02704341196497523,0.0270655816017942,0.033178257705800865,0.03809613621250999,0.08811749316606775
91,0.061312421259203304,0.010020335063631433,0.03970481702868536,0.044873552883017004,0.021109083612913433,0.11885164693714821,0.13943058741839884,0.03819260547539647,0.0269087196433471,0.0574702666946371,0.0719107931940625,0.09311731215325166,0.0134733714406915,0.09935725430404803,0.011945326802772466,0.0585997123719777,0.027386680113235865,0.0282259625508765,0.017630027490507166,0.02047952356219743
92,0.0347019876699124,0.3400807299775031,0.0194888615141257,0.030246085303022804,0.08431108886369876,0.04803370865779297,0.017532084242122534,0.026570962914007266,0.031619977845314534,0.04401886137096733,0.04178191649860877,0.041946138482644064,0.0181749433445554,0.033421755342600896,0.02563167024719537,0.0501625084454424,0.017256769464996064,0.032694979251082466,0.0407786585792808,0.0215463119851254
93,0.024097761060509634,0.013470275232348299,0.31458188798030046,0.11838985591583366,0.028893793336472903,0.06010326302957309,0.026872494543052534,0.0170236633296611,0.017187873623002534,0.0316633419736121,0.04372910980434636,0.03353360409346597,0.03137526134057807,0.031278198163282096,0.019739370708330466,0.0312689321988482,0.0288331756354487,0.030181755734285665,0.048486679668239774,0.04928970262880753
94,0.024907714687540466,0.0331106158427685,0.12490617864237492,0.2284172745777806,0.012353956313498135,0.04940831809102806,0.0363745734322335,0.014279565298628833,0.02644755700768017,0.020579468809489566,0.023103079085366032,0.042823455171863305,0.0170914627935807,0.0352046062965687,0.017483191524322234,0.040329562708659866,0.027628853646299,0.15536261190252829,0.024330693061039965,0.045857261106748204
95,0.019484356126644134,0.021115413673085368,0.028521725254509536,0.011323156392300466,0.1835799830812498,0.007864807998255932,0.03726941682163123,0.1002829793419283,0.049277906768233265,0.26264036996779133,0.0675472484375427,0.018309453575698,0.012295950871944865,0.023525814032364867,0.016396847462153433,0.018400180109166,0.033763626639492235,0.053707975015979535,0.012443158179057966,0.0222496302509701
96,0.09936335409845158,0.016756770216217867,0.046541905604169466,0.08765075530374956,0.012247622039876033,0.034777890567318066,0.053838066646592304,0.04625982171108417,0.0561442367776722,0.0302520505547287,0.09377831771289703,0.052960372943108326,0.012160655997191535,0.15090033780486803,0.03297659434910324,0.05605422550804127,0.043840823038820004,0.0318074736075987,0.0133693650614665,0.0283193604570446
97,0.025674343635914063,0.025448757433411,0.16134949158382042,0.05680320290770047,0.028378316732320167,0.14096413114141096,0.044303252319959,0.0152349312904111,0.026389737282161863,0.0315117038580321,0.028290125223663632,0.20936317492615655,0.013195449055075067,0.0577058232873559,0.021714311229740435,0.039392729051479995,0.019755683042514734,0.0178031132758719,0.014649528700906399,0.022072194022093167
98,0.18548739751158635,0.015068307725108301,0.014842264006008299,0.0521880364308594,0.015255035714804369,0.027720785193135134,0.017829722255591433,0.0285593077357329,0.11212412081674163,0.045514245116824774,0.0378773939763353,0.028111354691339532,0.008119717228100667,0.07738098024074164,0.034004118508754934,0.13762877988110322,0.046150982124057334,0.07935099364720263,0.019101875078821433,0.017684582117149766
99,0.04326802442370246,0.03353175114935877,0.0375367394365151,0.1359085547321823,0.0147006852720595,0.019725911284083134,0.05621002797357274,0.0182094335991339,0.09830708304277976,0.007242834143404366,0.02036285480470933,0.051087194645656565,0.012216157012691966,0.09506982268196877,0.09791829745800633,0.08810628122595386,0.0994280439276352,0.0261376611431211,0.024748132856600366,0.0202845091868636
100,0.01796194968334883,0.049197286026897664,0.020650347353187066,0.03498526560668253,0.16402123635693258,0.021357553897626804,0.015030514377825899,0.029635671006901464,0.03586610587665687,0.017301877421780302,0.039320270787804736,0.023548450941019535,0.015358234927735167,0.033802564487801,0.025116752377239968,0.028501240629384635,0.03831891058210877,0.02805516032269817,0.33593996495789574,0.02603064237847137
101,0.020042487014045766,0.03781874456055657,0.30711920977748247,0.07300401327480927,0.023495967409969436,0.054057096438309866,0.0229910047940771,0.10785771041487204,0.032419032369055,0.029078230356912732,0.025927282788544465,0.0358180287912744,0.019500190139458234,0.0282891605776727,0.024703953859623134,0.03267348273333286,0.032809521852621565,0.0144733926052212,0.029725760013244566,0.04819573022891573
102,0.025554561223881802,0.024448343212106535,0.03677198929067949,0.028216771547915336,0.026302378507504266,0.0090745412734061,0.032847300275627433,0.10219206503572036,0.0231810028518533,0.2908747475508759,0.0361911518672322,0.023252080674342566,0.043208852574819,0.024433994322972597,0.04542844809747767,0.01743931051448183,0.019068853988843667,0.10933926840512713,0.0425141217254878,0.039660217059644134
103,0.02796017502997067,0.04215246040220306,0.025593678013369498,0.0149961457473637,0.32252184112483406,0.01985600013553687,0.020430287341487666,0.04649527904529244,0.0265798157066523,0.02624531179982817,0.038275213990679166,0.020336157878641768,0.0304081158999341,0.017632110391771965,0.026793019391969066,0.0321954237977871,0.01584556737389903,0.018359020210439937,0.044398829952841196,0.18292554676549733
104,0.0656644434073637,0.044368111207058636,0.0357845035555649,0.028714739300598563,0.039598827266771434,0.0186619686754629,0.018144914086366332,0.08213998302218083,0.019827629099650333,0.12439166553215945,0.0392371067322439,0.026277735387749666,0.018795002960546366,0.017608384534425436,0.02952661558981187,0.013578033805046666,0.025869119450754933,0.2934508381056126,0.034468050236650234,0.0238923280439803
105,0.011892038687568668,0.0430299449653089,0.02590736208853647,0.3889907553635344,0.027766952022319435,0.04484439058266334,0.026864334433780068,0.05635096712010083,0.04604111612102057,0.0215056730641557,0.04736016271757287,0.0414917374972339,0.014786268385930931,0.028890184348426332,0.022431581117897465,0.028860837419557167,0.032474296144523365,0.02443889018503237,0.03185057620390196,0.034221931530934405
106,0.031719654980463106,0.023408321923978667,0.028879878681442196,0.04048288883824547,0.020960140845456932,0.05004502178104143,0.023513223235261237,0.02311296076691953,0.03631024103260657,0.04927454520781044,0.05043681234936507,0.027402535999609668,0.029039062937998267,0.020082835635968167,0.41205282764699697,0.017288890658076365,0.022171888604428768,0.015741417602612568,0.030016682092201697,0.048060169179516034
107,0.029959641564437034,0.01614566968040593,0.043415737222059166,0.07554412660027374,0.023684007995584264,0.0536138648028237,0.03370157788205933,0.016032386226430467,0.03685384347033074,0.012442479925685234,0.03333594573144563,0.0236253608681153,0.11847070335215153,0.0490643076563008,0.035446266938117595,0.15712265974025988,0.14844499006093326,0.016589329298620767,0.025594039490685328,0.05091306149327927
108,0.03888801354192193,0.008446039758148166,0.017289254280421235,0.027811949744339603,0.057076713811533196,0.06889699068153869,0.08846588569423498,0.024121802539812037,0.031174950856087198,0.013389880819249701,0.02794235945249977,0.06042233044575914,0.006671190249026633,0.0424476521033767,0.031424922597140796,0.0611046816839497,0.11285980475819359,0.0165036508436371,0.0802673345406827,0.18479459159844616
109,0.18460027555467096,0.025370996193013,0.044390484673515106,0.0298898515055832,0.02357421957183367,0.03836736428715404,0.04724053498787046,0.018747180712214467,0.018020926444880698,0.02587496134992823,0.027010243616888297,0.018227110079084365,0.023984439261193664,0.013617255781152166,0.04536457808153963,0.10196653984343333,0.19178724850089113,0.07899855421668787,0.025839555168606632,0.01712768016985833
110,0.04204317504393346,0.015239977453569933,0.01979971553385,0.09456625277290563,0.0336576059934095,0.0310639504499385,0.07066878677285973,0.0274117599356014,0.11029406114602693,0.018843053407476797,0.03239712212832287,0.049125415323292065,0.007871435759742666,0.07650942632779484,0.06609639898691096,0.07718539453997333,0.0858636785914641,0.0713356339469123,0.025944132424513235,0.044083023461500837
111,0.03294886771072126,0.027442998716647,0.016081957269979432,0.03605931654117416,0.019148490906552233,0.08942131061888774,0.0967087960046266,0.027045538212785502,0.034113663516204006,0.0217193351588157,0.03556503190695254,0.030287035499792402,0.09199831038720781,0.07545910964666659,0.02370535252682743,0.24066493880067039,0.024788857126522932,0.0321426735185928,0.0203413904821457,0.024357025448226804
112,0.09777413865105711,0.017939573960451934,0.030553387991132098,0.0198654636905552,0.016492922852011833,0.057083581072758495,0.023594190995669867,0.024685401318137696,0.011444948237183833,0.0200488551238754,0.03337697657534403,0.0678537185704146,0.0062449623450796,0.03506168619154093,0.024946209184623768,0.2240310656763682,0.22436050285355594,0.019614189251508866,0.013924141790399566,0.031104083668330066
113,0.034552829624741405,0.39000846442327086,0.013886365226111433,0.023259503943681564,0.07477556173674027,0.031446848075124434,0.0546895707959578,0.018042460943748565,0.025703923536399765,0.032158493730052334,0.03685818171565567,0.031485889885011165,0.021112261672699934,0.026736135455848766,0.03592534690529087,0.029774980336646,0.030922767719331463,0.021988577292840334,0.029495739945782733,0.03717609703506383
114,0.0328388443447587,0.056860416554888195,0.0297771646968671,0.04202316866844721,0.08489970996824643,0.0252554761368956,0.0481671273577532,0.03314232755363313,0.022907833631851667,0.04552730807714706,0.04187069064371077,0.05009574354633631,0.011354745495842268,0.041261252331346865,0.0204807674553953,0.0254908025197325,0.017649601439651268,0.05470171230754808,0.021374318920450136,0.29432098834949727
115,0.0679912245018681,0.02459455165587447,0.0489540082860526,0.04783581936509673,0.034092941880764,0.023629751980097233,0.0385488971346934,0.030208214178246002,0.027553448281067868,0.03702910145025213,0.03334180056007993,0.027556633787546764,0.35044794255906825,0.025127837357880933,0.0304927902848723,0.035992313946376926,0.027256483351130432,0.02934502159983443,0.028897237766394968,0.0311039800728016
116,0.016798127457405,0.037150907803377535,0.028023554789463265,0.03185604627579403,0.0322122785772008,0.04234693869596907,0.058203714203837735,0.0438504083780066,0.024189540958717,0.03154329365295023,0.03957389877419423,0.04828278346569626,0.033707766301408634,0.014416841225104065,0.0386774556333886,0.011118640829161497,0.033434909213234366,0.034638295804871704,0.03974180199215623,0.3602327959680622
117,0.010789161924814767,0.012429765523898966,0.1649501563783764,0.1953825805081105,0.044351013630951897,0.023047089166195064,0.04870453631453466,0.038258197433457736,0.0164104760546276,0.0195036173082101,0.03751737293971807,0.025249722813096332,0.0147315445948077,0.02878717652219433,0.012713657454156901,0.03644457719456529,0.044150662989647295,0.15698614136975728,0.022459703009576133,0.047132846869302136
118,0.028238229335625264,0.02952104563612073,0.021884953934621466,0.041140124843544366,0.0344989021479978,0.04982207506969886,0.0345495446186314,0.11301852774879635,0.01991389214436583,0.05860836240368317,0.05751542387749511,0.0156353962438632,0.022257180284357567,0.023930988199223967,0.03383862203443687,0.024708343034366132,0.026555326670498397,0.3203667742213863,0.032547525999655234,0.011448761551631067
119,0.04428010606700217,0.009660962576475734,0.13077797302742325,0.11367485691417933,0.0411635951509029,0.008174126075327267,0.0750506256693661,0.031011059574233366,0.025248924567339733,0.018859785755272068,0.054539110289121735,0.06138073636062169,0.04874203352653587,0.08281200165869587,0.017947129852813534,0.05299370615302427,0.052584782010576626,0.03313429523555126,0.05272957013714973,0.04523461939838656
120,0.0292384726917171,0.014379974254226635,0.19582437461527757,0.03736406185787863,0.0289320079710718,0.06549225359886823,0.20537657510594834,0.014812376420859932,0.045231737489067565,0.028495895750605765,0.05677684507640233,0.021585483089531232,0.0194441295262913,0.07536329769992538,0.021355594349316234,0.030162514322162604,0.019398482195878336,0.014683572028267334,0.02482575137699883,0.051256600579704
121,0.03659900088915584,0.08039712152488741,0.03381136835427253,0.0447133284261775,0.0436846635561692,0.0485459351464159,0.05210051220419543,0.04842554806860766,0.042983676644037266,0.0820069191474745,0.05893679254526796,0.022982905011167,0.012808846256860067,0.0503135569719037,0.0354197870778267,0.031613892120993636,0.015615423915295065,0.014205010762347633,0.03181370383937073,0.2130220075375732
122,0.08717284216806193,0.0119941353212252,0.056204164825755264,0.16263183139094542,0.02085589434092443,0.0266497699429519,0.06664709570261586,0.029152070447950734,0.030789338324503968,0.036196499236533335,0.0615789822617042,0.04823565029681276,0.028572484256470132,0.08412381221820514,0.0210191370259237,0.062346846903313706,0.047273518546056104,0.0366394681028319,0.0527484366459694,0.02916802204124407
123,0.0598438760153647,0.034437961093555035,0.07336316931571833,0.028487772747355932,0.0484682072464264,0.07729416062113013,0.0175874033325058,0.0197028419093612,0.0167702264885525,0.007912679234522066,0.04431656488000743,0.0993594351279381,0.03433670743815866,0.03592873503606553,0.021835683097665134,0.14150450352917318,0.08504553719498599,0.03917766210786577,0.061524527516747696,0.05310234606689943
124,0.032594304121425936,0.0203903660121504,0.018757880660585466,0.03824927445335413,0.04357646462394513,0.031834113147452096,0.04858247332001706,0.050221353365869026,0.024923055121208765,0.3856510676521881,0.0250416288654722,0.05769912693434127,0.0348849615836097,0.015856383979676602,0.01863911808277247,0.027203332669658464,0.015745499382172366,0.05568093744122566,0.028185773785182566,0.02628288479769167
125,0.0216919876170094,0.021855677953448564,0.025215412307129634,0.06968867231849447,0.0244298225088475,0.023227325310415835,0.0218165904020244,0.0398176831789317,0.09530768537280467,0.034865806689412,0.04740618355518527,0.027462490412386898,0.0184185147108811,0.04035045084463906,0.3225553270963341,0.0314800732133672,0.029739926355980533,0.047772110437470504,0.024115000868298698,0.032783258846937495
126,0.11566572906319113,0.016987181709719468,0.035760765662016865,0.025469470007422067,0.04066228777426853,0.04907594177672827,0.026043165371386467,0.0120603417892665,0.06488574726581213,0.04028147215555673,0.04482271243008967,0.05303711912243159,0.020539753338303567,0.047513021821750566,0.06003595124643346,0.23067295962772386,0.030625167825613465,0.012487657850990532,0.044428813955931824,0.028944740205362432
127,0.0316508596292245,0.027238447868794268,0.0320506164191546,0.0293759485721854,0.04162386956316753,0.0262480916356065,0.027924855940836064,0.0995438365145606,0.028212388391900805,0.29124893266106056,0.029374641473303834,0.04091036532887663,0.0341110705236626,0.0215077768372566,0.015008964905861467,0.02337000917042757,0.03859336711544446,0.0695182047377747,0.06547841784068183,0.0270093348702186
128,0.040714606163759735,0.032217737782717804,0.046286804720034526,0.020893639834997133,0.025883582687209136,0.023880457768422333,0.03680917985954337,0.0638674437745294,0.034967186120982735,0.07392336189862547,0.040982624414085504,0.02560775149498293,0.020514414412137333,0.03773425646411483,0.0266487440194904,0.0182546508709667,0.0292546989518444,0.3368330293115827,0.03184106668827154,0.032884762761701034
129,0.3119440654732258,0.03481713185413777,0.029417125721580468,0.025752934547239505,0.039122479712781995,0.09360379908092216,0.027883699410382268,0.040814257427824165,0.026214342242398367,0.028746550069169263,0.02859176159184433,0.0458318530322161,0.025080436609751202,0.03363892851759167,0.022983170021726035,0.06971807056653649,0.02197080029388083,0.0328365705270472,0.026281896619478832,0.0347501266802647
130,0.042888048987585865,0.04371742499089679,0.04188430585671137,0.0880885600311746,0.05096766684924597,0.043074705881077036,0.04374935851906563,0.022974101862578967,0.07881198830861859,0.03654223509367767,0.0513120859052398,0.03636270861968437,0.013377848964215766,0.11402633082843057,0.037432451175495866,0.08540879640240118,0.06195668974267946,0.04488525663794863,0.034064890793611934,0.028474544549658965
131,0.05898674113445216,0.017586718599902667,0.023586081912511065,0.022306023889850733,0.05405391986598967,0.049053284751548694,0.02902488804218217,0.070749842372673,0.0237721711824712,0.08701083843604179,0.06643773654815656,0.029128907346386967,0.033552912285667966,0.04625557732964294,0.019776840212927468,0.17112076321520198,0.052044984744539335,0.056864777481358465,0.031316304747196495,0.057370685901297826
132,0.046916347210231434,0.051366824452061866,0.022201572570591067,0.02838566436221736,0.05040775721348201,0.36006056525913704,0.012713601697323667,0.02558042271687833,0.030196660831844566,0.025636191314104034,0.034485640123772636,0.026652257637359834,0.008673663908951332,0.0336654403298313,0.0523280993473866,0.027262878127825,0.02716085537529987,0.05360998639729216,0.03735194314066603,0.045343627983742966
133,0.060413567228159465,0.0407303291641299,0.03412908787674897,0.05427758091210816,0.026150221576204797,0.03716611911307117,0.04393181576575197,0.0364847630447179,0.052154288597593336,0.02890093625967133,0.037501878835436334,0.02850670643923413,0.019021812464565736,0.025649046503842667,0.039120060546323866,0.1451455950998275,0.17514010433994084,0.03899768593860147,0.029396344254236734,0.04718205603983277
134,0.0287914195787759,0.03192431409104133,0.03720202352660643,0.027399168059765097,0.06953837730795441,0.0905659123114279,0.026777668024119804,0.0673973239719262,0.02773245102684943,0.27520131814188337,0.05189189446854284,0.04774831248797603,0.025373139323537366,0.033120437374846,0.0248004872931555,0.019109454538193765,0.017957534313210167,0.038385518194280065,0.03633524837988957,0.0227479975860181
135,0.04252869396972217,0.033108235466319864,0.0449288774509079,0.34181849423034877,0.04886134532369687,0.03744631385768447,0.01624724860787467,0.036117302276237405,0.0433350214343047,0.03779932919602804,0.0200798811895843,0.02973940243824517,0.02675553745585973,0.048512525356074095,0.025524891943286204,0.019836334284291168,0.03316294671319686,0.0489565571936304,0.0355147963228982,0.02972626528980817
136,0.0174097055295885,0.03062182646224157,0.034573287467843265,0.03824704525080467,0.34221990805833596,0.018337858166153232,0.050409980705469204,0.02588797575905617,0.0204571329643833,0.029431982233665933,0.044399614948322196,0.018944427808269767,0.02969313070377083,0.0392893155908234,0.0219195652218647,0.08641168358033675,0.0408708355519679,0.0202571037545827,0.03935472048352707,0.051262899758991974
137,0.03567071086924644,0.003206389781641,0.029132758219211335,0.1071567667588792,0.0971422230120701,0.011552622280962535,0.06452600725069431,0.0611370910114146,0.045260070688764094,0.016181676772451668,0.0451596507412133,0.0352649273525569,0.0037467938758904,0.0745664714734427,0.011343964418103368,0.03662194688944093,0.1113498401955391,0.07546058915949544,0.0388003655108166,0.09671913373816522
138,0.065912740463396,0.006802626180618066,0.04688196885933447,0.14320886073897213,0.038520830434621366,0.02260694496430773,0.10630605736605277,0.030124982117307967,0.020636233648813965,0.025895768462614432,0.0302571713863924,0.0654932095831399,0.04314695556532624,0.0724583740394288,0.011776804009303199,0.0820099587477613,0.0753268776870778,0.042305296405802495,0.014000459739540167,0.056327879600188
139,0.026545929738914998,0.018608443044812767,0.030851045584354836,0.40889002283486353,0.025261379542128603,0.0303509263870395,0.035869258592080566,0.02569239067293977,0.04245596080797733,0.03604174238462927,0.05198992605569638,0.019662130377626135,0.045610249285876335,0.023914745595878636,0.03003411100835283,0.016053404648207,0.0237278740310078,0.03534288172659317,0.0501740338827659,0.0229235437982537
140,0.06810661161286873,0.014123888226949067,0.06046077066360306,0.09047174569626608,0.0787698040955969,0.029920762527132733,0.06962234180326683,0.04125313960258114,0.0285785307598577,0.032006524462341736,0.034063750888399295,0.1296782168188442,0.048412303412663636,0.030900098150972666,0.025546866176452365,0.06018368671162306,0.011716773318240467,0.0505058797799868,0.039735069530973166,0.05594323576137953
141,0.014470534624126334,0.05438100937612747,0.020830354540918302,0.03396859351621379,0.39375746792693694,0.017657423969567668,0.0364070152370824,0.0473403062247128,0.0250927655867417,0.0522135214822785,0.035718617447076696,0.017968393678636767,0.014541179520697967,0.029078309270432368,0.028460145147044702,0.03556588823862943,0.03083210061430247,0.03375938156510673,0.05014088613704933,0.027816105896316733
142,0.0255594430653877,0.013766238880462267,0.09087266701577719,0.07161632291263333,0.02253856014246197,0.04256303358926957,0.026256909164338833,0.057806852478311466,0.02216336645494137,0.029026911946326464,0.049846738470219566,0.24777085304820426,0.0141904048549853,0.06552162200318147,0.024967573864978804,0.04658092631255493,0.03254592606302063,0.027895512458409235,0.05410560276426903,0.03440453451026573
143,0.021730319656299266,0.0757086077402776,0.018366247896419097,0.016983406562885533,0.0678172672480008,0.0199725413482981,0.03708671648228667,0.05629037169237983,0.0370922150926104,0.03539373268224403,0.05543696468782237,0.023514084511920535,0.020287291727433765,0.0308916924149836,0.021895414075157067,0.014907862461133235,0.04565793668505813,0.036470607633255166,0.3100191167667194,0.05447760263481449
144,0.05005730990232557,0.018596607471349332,0.04364707180153246,0.08184619039171649,0.03968905034090743,0.026546760545882703,0.06572474618214566,0.0388149328433027,0.032410683330335865,0.03899983281939943,0.056923751431751705,0.04610556373620117,0.05090736321152963,0.046951818471454375,0.03285423667115606,0.038935030784593205,0.17572127321369915,0.04209446147615927,0.03331439573824304,0.0398589196363138
145,0.02629546518106844,0.021465685321406264,0.05819161049042906,0.06911829490506517,0.09408534659164447,0.22405381122957513,0.023276661644390236,0.013114481676414434,0.023043364666664068,0.012712849948117598,0.02587445916465227,0.08488395974923402,0.022628147911473634,0.04143502016010433,0.040387203486332,0.036700048348587595,0.056529936208924596,0.07519228267371914,0.02405682198168177,0.026954548660514832
146,0.042183129772719326,0.028122047547566364,0.032453105161759505,0.021211253767708004,0.02899948442476243,0.0321880311662933,0.06565439978252889,0.051098785589820596,0.026961834400976367,0.0338313105499331,0.039454262917307796,0.04462949570030326,0.013859156640169934,0.0449101170757475,0.03620111115154993,0.0505519240680423,0.0311060178449882,0.27847110534208297,0.03575669313506313,0.06235673396067607
147,0.0469174218696918,0.0187877761058848,0.0298235802754061,0.03513243551886346,0.017548344965504132,0.03489479193266617,0.041887477979682695,0.0627445507346972,0.026609961933974035,0.06047852542109847,0.048805550386262136,0.0583596980933562,0.02289143223864387,0.173987062150628,0.021492722216490668,0.07196845175779566,0.1284268268145846,0.052447457043478966,0.028111138286458337,0.01868479427483177
148,0.017556021485901765,0.07581783264688975,0.023899309524129067,0.31173952531692756,0.0186823182926279,0.0176950255516827,0.025988997027076067,0.03805945504711866,0.05476353570939397,0.012816804302151099,0.022852537793767003,0.022153436995310433,0.039569183881210966,0.15285491152607025,0.011680839284478666,0.02270784607475927,0.023978376007080898,0.06344952647582003,0.02410271217356423,0.019631804884038834
149,0.021363778459229068,0.018675228007540068,0.23030995240871488,0.05461365746937973,0.03131126971149276,0.0405020074101727,0.0327608163470978,0.0133856304085901,0.024448691772913898,0.02049634174173027,0.041188537778473866,0.26386375715540894,0.014630954778641935,0.030336516580601335,0.0136636838353092,0.039847309353303204,0.025189691155007535,0.015678976325371134,0.03692948633316626,0.030803712967854367
150,0.038051082711781696,0.018159673121448134,0.022504921608684166,0.045327628899295536,0.028365258206282096,0.24962800979328859,0.1501143778662698,0.030883552001273764,0.024190289610452803,0.046167145191589966,0.039069226039975896,0.02197783741435,0.013572546945304435,0.04664138493200293,0.028233277316730934,0.023400966752032668,0.0845964857041882,0.038833047436060364,0.026586049137554763,0.023697239311432267
151,0.09381136272826217,0.017032878358416464,0.009001198613857534,0.10958237500677741,0.02322344912328267,0.018642723659793834,0.035769372336965095,0.0232095824539305,0.026049130142069967,0.0143354588741728,0.03228454559062867,0.07174760710512453,0.006705755234737966,0.05069667743813557,0.0100648146635788,0.0454588400581491,0.07319393171004444,0.3119995736122339,0.010131379328595633,0.0170593439612421
152,0.03386142008563417,0.04189446844446263,0.03931051948873293,0.03233491755385067,0.02971077023472073,0.0475425227328643,0.025855071185633165,0.0374960695273023,0.03436723368599953,0.017697439664098934,0.024714145057492132,0.07152680527300724,0.0152879048520455,0.06203117223270193,0.021071945935105103,0.20953861495649376,0.18301618103871112,0.0177154950781428,0.03306727265266343,0.0219600303203366
153,0.09535052993641151,0.01663622339339647,0.0329955093615269,0.04863878384981104,0.0717366269192215,0.07624794260119884,0.057123927223824804,0.026700544513548433,0.0335367196109305,0.0246264643285344,0.039330144714796365,0.04335251556952716,0.027675576727730036,0.0288910428190922,0.027792494334973532,0.1710544695639047,0.05508337655502793,0.04653988126653336,0.029895861959949532,0.046791364750059905
154,0.08325435901471212,0.019784653954491634,0.0327861353576796,0.012517434649296832,0.03843369092663207,0.032701954057074996,0.06337816451193652,0.010866885345734767,0.012877297376147368,0.11131278750371489,0.0412791056192046,0.027342136875641965,0.011495587324479433,0.056876713619055136,0.008851219397297867,0.0422241469778859,0.1455931242198147,0.011957164729833965,0.08377794924565048,0.1526894892937142
155,0.0236815755358994,0.3211339853182582,0.021419694076327465,0.03221846401775883,0.08177341809185319,0.029412330348385196,0.04164062923150567,0.04192492397111094,0.03459887413691714,0.019271731273248733,0.023238701935757066,0.03886516670651097,0.024270153132609936,0.0235261700545079,0.024654386039485363,0.02939925073795217,0.030771910999234736,0.0393972418338343,0.047327084300007205,0.0714743082588347
156,0.027733512038687333,0.04257768895583836,0.033042344466233636,0.03491557669390703,0.024259220998890035,0.026971855949707534,0.03322731315012673,0.14877028283523772,0.021681034789609737,0.049752538829336196,0.07434648925052888,0.06944419249653187,0.07736595117505762,0.116750827175279,0.025172386379100936,0.03092968331172277,0.0551575156165758,0.03405180265093837,0.040609640949002164,0.03324014228768726
157,0.033004433644907565,0.0335335797231288,0.07178164805661623,0.026116737106112366,0.04268553551585014,0.0195436116951208,0.06738238473750276,0.0227038284996328,0.04847401873010584,0.028131665222508203,0.05306066897958273,0.0568278538433853,0.01921332133540603,0.0533363525504277,0.17573005133083666,0.08306972037518207,0.036042603614808696,0.03770477593126547,0.04956374620350357,0.042093462904115336
158,0.0741319887096148,0.0112587521118684,0.14078372037858294,0.09798538502605947,0.020418489245027833,0.07127997343322774,0.057857610827614064,0.016081387507203768,0.04766529181919787,0.0125703554980917,0.03726502936599737,0.14878658054109054,0.006304068470031933,0.11426507403159021,0.04431661662559344,0.028051425293392166,0.0311946838034251,0.007054647908371933,0.021269465758533265,0.011459453645484568
159,0.060292581545918794,0.008625227842429735,0.07926914968944787,0.06490752516281763,0.023730175492066602,0.32559278549282505,0.03503901988995403,0.010298463533847732,0.0346472332762797,0.0149842195297031,0.04541717254726674,0.05700316555483104,0.0124632394003625,0.06749320257705203,0.011550103587352234,0.05319233084627604,0.035752028047555236,0.0116181640054064,0.038276529504127195,0.0098476824744793
160,0.03561055273635503,0.020366897696475,0.023314087943206264,0.17642022379582945,0.0269123767359709,0.03563308826139813,0.0636381537968974,0.0334385803948489,0.0864236969683536,0.0162072566080501,0.02616121798810477,0.027206267492261068,0.007701148325641733,0.1909388144503387,0.0392415922163789,0.057074831324101204,0.05178445775533717,0.033067450360301835,0.013602678035683666,0.03525662711446533
161,0.09274792164954056,0.0126551983553358,0.022476761551583097,0.03374626346179423,0.022379274461181334,0.03736934287157013,0.04069435586063913,0.023328884116213935,0.021321065600799535,0.018551421662416866,0.0125972395841142,0.07746206649774852,0.3033152121729888,0.10236579606636549,0.008933387631419468,0.05174348839856314,0.0440382888646724,0.020322539404231,0.031677893255890134,0.022273598532931167
162,0.03584413711478676,0.08557474167586716,0.051157991563182036,0.03109037818096123,0.06319958655840498,0.057356907406816565,0.0199905402365824,0.04839139932088767,0.02552959993374933,0.017241561229888933,0.0410754178652205,0.04998395269642943,0.0094425637909067,0.032073472297596065,0.0233850077760054,0.303118513600273,0.014762989595890967,0.04022700609484706,0.028398161025964,0.022156072035738866
163,0.0224039709638547,0.04382986947061357,0.028339117438589596,0.0333296757293283,0.3605838146892699,0.028634598402855833,0.0194390346413865,0.05287230955583567,0.0162137229007438,0.03545457214756926,0.04639792967666167,0.028494881509488534,0.028812082612969536,0.027012730030683964,0.017507626203289967,0.051895981850320065,0.0175884656730628,0.02632367235490773,0.05624088547763877,0.058625058670928896
164,0.02711729333210067,0.024557864513799765,0.045389783787982106,0.028382061803615067,0.3807507294521342,0.026555225184606568,0.02004192609132247,0.017917867860147502,0.035408510124291505,0.020349291123468,0.035207850652488666,0.0179984981029476,0.0597071863598278,0.0244643863720066,0.041204574086171265,0.0299479099890971,0.015835990181791836,0.0392274518763327,0.03261400030538344,0.0773215988004843
165,0.0665541367315634,0.0271633059092585,0.0512322831100874,0.1072144731976805,0.03080377158216957,0.025303370669116934,0.027794148702855067,0.009320454715642168,0.028664147986338765,0.04450550462190453,0.03797681347614737,0.03952827045752183,0.0244146216464234,0.03855638227580157,0.024596071706850065,0.28708924333281305,0.04217637516729866,0.0161704270964977,0.04364661161826094,0.0272895859957677
166,0.03243278809017547,0.05533254771653113,0.025664266900813068,0.0273778406810127,0.02151366372049733,0.03089645572511113,0.0531393066098249,0.04978170873291251,0.05849804196849667,0.016954022014640368,0.0385441781022041,0.0713057143668492,0.0347083642405053,0.029970446556719137,0.25009204880050856,0.02304698374253587,0.06316067001443003,0.022924136613802232,0.0580374852014382,0.03661933020099123
167,0.038310881593373765,0.0195056275806075,0.040298964462183305,0.025433002773898133,0.04969443645838333,0.0292046688433012,0.028222226409091205,0.054317809446453764,0.07925626138801754,0.3197284790933743,0.0389174619205851,0.013204022635223432,0.011181081193290768,0.02812948121682,0.026952642550208364,0.0858233722576554,0.026305183985858432,0.019352860130228033,0.04758253333650536,0.0185790027249401
168,0.0225110824355733,0.03176574492840293,0.055180734976142766,0.057334596531243794,0.019606742541803297,0.01738464964918637,0.03161294967790074,0.0183543686635179,0.044974696643897104,0.0140864435229598,0.047168477722552095,0.3703761659730918,0.020698174236476602,0.019118875276345596,0.0396864908915285,0.027673016294351937,0.04518377613346677,0.04057456819687293,0.036561689776066435,0.040146755928618404
169,0.018444700074250166,0.04968277934279017,0.021270044928787434,0.035119507922275965,0.04008636338828856,0.04145146547728907,0.037819719057608434,0.05143921477607896,0.03452707508875857,0.046312127190567466,0.039085521800686834,0.0243295338846891,0.033052097109945035,0.0435180692031956,0.0331933047688965,0.0278383888179843,0.022067480042657767,0.018783444841438332,0.35743122110499376,0.024547941178817066
170,0.03524247640783357,0.015468056694732502,0.032938389563405196,0.04407514886583367,0.0476984929255041,0.022378318419878567,0.0321130945888908,0.09809727258776774,0.018418571702575732,0.27624409365014085,0.04057537310220543,0.03956917303557727,0.026945947100607867,0.034937374149382396,0.0197587125804202,0.0739902197632166,0.0168869874687451,0.04193108500650533,0.0599116709923567,0.022819541394419468
171,0.02605992795608787,0.04806587324403474,0.04917890229060323,0.04000813179036483,0.044307220007203996,0.0547870661103983,0.0476822351185243,0.04823344030884403,0.012532722809355698,0.016789909955911633,0.02155584037651113,0.015476021812967264,0.020276615839552734,0.05992885610780593,0.02459956936984827,0.11887257791536791,0.28785863540915574,0.024235443750461865,0.022860635301147264,0.016690374525852366
172,0.10509935206064373,0.033917115036885964,0.024067646414252866,0.0364444474184148,0.02922961969732023,0.0820082515761943,0.14702436547158956,0.020701362373490368,0.05659299112084596,0.024138352911951932,0.06477164499716453,0.0695076650567425,0.05809880332591103,0.052826734109925194,0.023489800921112136,0.0788057095341664,0.029980622246293703,0.023957642291486298,0.015286740954390502,0.0240511324812169
173,0.06570401730224786,0.011021356004927733,0.09608857831804767,0.2092817633039732,0.029126397591373032,0.02463943269977867,0.0658590923660663,0.021060841751723,0.029709352173271465,0.05509181679527753,0.04138400790434543,0.06030158069257787,0.019911680051859733,0.06215011480317117,0.013395590467077898,0.09186997721906243,0.03318642254340993,0.017122781611627464,0.017136923980694403,0.03595827241948643
174,0.015434559284490732,0.005894193260620434,0.24873682108928707,0.08513342845460427,0.012178239646283034,0.11889000328376376,0.04146831628644603,0.010519385313304935,0.025418421073557834,0.013176003883384467,0.020142119865850967,0.17464655167762086,0.024702128587713965,0.032507765229482836,0.0177482391971444,0.03799378922806334,0.03560850819915423,0.019070314800521532,0.034467394588216405,0.026263817050488098
175,0.03375335039374893,0.005379338870568,0.039303014518598835,0.02151109782589033,0.032283419583761734,0.34294237776770675,0.08253896446827487,0.0032495702916219,0.03413873831299286,0.018105791782529235,0.023147935304977902,0.113310919362967,0.015895180774419298,0.08795444290606565,0.014407315508084368,0.044226141169171396,0.028221075454909834,0.016909911260385435,0.015144387241527732,0.027577027201797
176,0.03472582334439756,0.0072446693531381,0.08102381871702816,0.12823139983613766,0.008465634723632433,0.033395576783083636,0.043493933394135736,0.011882934761720233,0.05943309932659327,0.0193223573207506,0.0325295056551766,0.062382401768621136,0.01997113295650557,0.05787635003047923,0.0381338932128072,0.15425749442975895,0.1512826076266363,0.031099626560758764,0.010852178097549433,0.014395562101088435
177,0.0224064749789534,0.017827297187479833,0.026859113172621,0.030675433282708196,0.3497414507678051,0.02099325839613213,0.04354484642788786,0.010327766783901633,0.013500179471533168,0.019750518004957366,0.08423830288221527,0.016188827887433865,0.0209133910223341,0.0210214475176231,0.011369056207823067,0.02516074143526557,0.023500257051029438,0.010954917201746366,0.14669376251507435,0.0843329578054743
178,0.043618989471663004,0.024818881222377197,0.08486463930103023,0.0700079002260774,0.029606355757657632,0.04722512926158013,0.032479645481100265,0.030568497674647494,0.031310830909153035,0.015523156001316799,0.0399867585605987,0.048551916624232395,0.22657066753417146,0.0513702499768909,0.013809748998706498,0.058616040149011596,0.0547027572427554,0.030430187282427634,0.04145289628298147,0.02448475204161983
179,0.08548389316718759,0.018575610473858264,0.03777251849904244,0.08930226645268163,0.0586782115169703,0.018890312606399968,0.044424965015600136,0.045334387130391805,0.009317780985806233,0.0355373458528416,0.0562513798177384,0.03058809367417407,0.08166019380869534,0.052397499238434835,0.014050115101485766,0.06746341262211282,0.09362166564805478,0.045157319749326935,0.049745096928671406,0.06574793171052477
180,0.0101574268510458,0.008310650712400733,0.0096370408306196,0.017674901783652833,0.045857134351309725,0.009485779134706733,0.034567426845710465,0.05665870997145539,0.009141224495726701,0.07666293493735164,0.01855660896964007,0.026213143988836562,0.018099300832818365,0.5537638581216373,0.0062344819307782,0.012322153720939298,0.019387212437105634,0.027162805638449167,0.02241609256575627,0.017691111880058535
181,0.026781673717385896,0.0259658301752223,0.0567045617251028,0.10717025002744855,0.06007578324681837,0.03989385373527857,0.041855657991813795,0.033613330453151534,0.03538314648003387,0.026996800028739068,0.04033731205934833,0.236662452130362,0.025520601512148095,0.03451640713104406,0.014362545149121567,0.0316137328445643,0.036433291568901335,0.05530299508222047,0.041370201453981965,0.0294395734873121
182,0.09394460012963568,0.032273666272178,0.017910425217466868,0.0533883147603064,0.022020538456031535,0.027995378831405734,0.021158965897076696,0.06697347131606236,0.015458704899207166,0.06063999501523509,0.05247123276314477,0.024125831531855633,0.05154863720807693,0.027774086695939,0.0250596624641798,0.02199249335811813,0.049562737438420844,0.26520679112359247,0.044983446412779904,0.025511020209286066
183,0.0414790094767545,0.03287767973569237,0.020818846106929068,0.018868417201965068,0.04748486255813967,0.0216633199162477,0.026333055161429735,0.026531546097273002,0.017238444842208298,0.017642670870568134,0.031805451468710666,0.026992387064632334,0.0247611744735154,0.020151131460983632,0.0181734758630978,0.3560196179117027,0.17540740317194406,0.023678024291573067,0.025912375722962733,0.0261611066036691
184,0.0261137781137908,0.0455824381773056,0.026005873796014767,0.0288807246299029,0.033530195184147994,0.0172471003259662,0.02134400159924697,0.12829768519315285,0.03142763636576546,0.02867128707388797,0.3145834602462591,0.015516459741014168,0.0115723755395533,0.11604070723688698,0.018104400985994067,0.025526641709919865,0.03201519563398747,0.0351423411860731,0.016049064807520868,0.028348632453608635
185,0.04299386553707687,0.022361423073270065,0.021855976729705736,0.0631356451380532,0.019630479149646635,0.017959148015232435,0.040186227298342765,0.045257617894249,0.04486451442810916,0.0572623849436795,0.034440025732329065,0.022419868233293564,0.23674483680437963,0.047170872766560734,0.06189654202171801,0.036403828539889896,0.03727821884791193,0.060075977927335523,0.0642448280933791,0.0238177188258364
186,0.0319084966858017,0.0290848140988966,0.04068870021656447,0.0369022588630084,0.01453419293562,0.032746470598588366,0.014807747711415567,0.0287846187959613,0.0466153349456263,0.017700544060240898,0.049062967061021534,0.3871570207570774,0.033055661376275136,0.029637069099070736,0.01771484589232133,0.04475497480020577,0.03349302776079313,0.027366679874996597,0.06659231342319623,0.017392261043317602
187,0.024256192080569033,0.019936779221711668,0.0401002350679082,0.047918972180430404,0.028392343118189167,0.017919786391801865,0.07288333908558144,0.013477499053609968,0.054557630112420236,0.06326354751697744,0.046914892310075,0.1659413940247996,0.011931802707837965,0.06346778932861252,0.06154471030424056,0.03815352585257273,0.06863283630412603,0.030439742114806666,0.04397337898717377,0.08629360423655486
188,0.0238098549592092,0.02268624896283247,0.09608114533941259,0.21038284659582285,0.0237767380400329,0.04770068216481693,0.031692692644219665,0.015315341568740266,0.04894713937219081,0.027879751703150667,0.05003933078046666,0.0816829385592281,0.014172056048730569,0.0714230296590437,0.0375881229504206,0.03131017171671967,0.012789926033624733,0.07181459906857417,0.04647255123258997,0.0344348326001727
189,0.05784351905738203,0.029454421757534332,0.05350195286805424,0.06724408585985836,0.046159802147553664,0.0394830681877972,0.04445652690194146,0.03977896134928827,0.1032414679432373,0.0453890865259172,0.039382733700904636,0.08093211437242527,0.059744133026377565,0.05973351692943887,0.027539077691730304,0.051956813477796536,0.0488988757916631,0.04272996600023107,0.029557301446684735,0.03297257496418297
190,0.026455918839755968,0.0296286182172429,0.028230832175957763,0.0409902925612311,0.24304299856051004,0.019365443858257333,0.12999073062184127,0.024090439050886103,0.016238403520129566,0.0358276572585791,0.035604729795192636,0.022349853956807803,0.0194044357721323,0.026418218204397766,0.01939922130905537,0.024442569159700233,0.04356560161599967,0.039172120108029,0.051855154010957895,0.12392676140333521
191,0.029959490309296066,0.030286736015426797,0.18877667612387214,0.04834870432443127,0.04007190131962103,0.022789554819712704,0.024422822716979,0.03431806862721417,0.028650280692309033,0.009894160233468965,0.04291130042817313,0.05568432051472059,0.07267761064871027,0.03740287724930064,0.03228232386988393,0.057419879135732405,0.0740190273939453,0.06409809266379037,0.05446186910305626,0.051524303810354895
192,0.0314516678374176,0.02067501673205233,0.0300693206283416,0.0443635570631562,0.025212356465049063,0.02270963364287727,0.025299727532503234,0.046140365613499,0.37373140508865205,0.024387941254414864,0.021226357973516866,0.06774976616783517,0.0468891039434364,0.0344878184699031,0.04773245509543006,0.02098454657266723,0.0353823558256841,0.022921524552203334,0.029313257930400766,0.029271821610958898
193,0.03643741284251956,0.028198249439449697,0.04225733049278369,0.023382825204749033,0.050621583849917905,0.035459284857567865,0.027500085559756502,0.02619156304871,0.028812545214670235,0.34900466909235184,0.0680772127273948,0.02939169407384673,0.02087944925305693,0.018205966572450435,0.0139034483572699,0.04433874500857487,0.03033746027309747,0.030830204406452465,0.03733296148551787,0.05883730823986127
194,0.0360994732796606,0.030493407504316433,0.032569968686257104,0.05506106655153853,0.050791457111103604,0.0355819764748011,0.0470842825195214,0.012547783415591367,0.030463616418226366,0.0166418254070658,0.029339631418847562,0.025135985586346735,0.019254532843954734,0.08477284800576092,0.02144928300169637,0.038975932797219066,0.010439414572038635,0.037425275004307035,0.045628761989408705,0.3402434774123371
195,0.03360614600827743,0.045569466169554464,0.022988432335277333,0.0411266121611711,0.0259983090401544,0.03414398268182233,0.0347808620353973,0.30150598448349636,0.0240725575817845,0.06495425549781149,0.062216793488089034,0.014648332159687999,0.027494557158644267,0.0233166556684183,0.02253944244161803,0.02984924513067253,0.028892143933061665,0.1178539070758269,0.026974909537715867,0.017467405411517832
196,0.0380449946111701,0.052487444722875136,0.03589275145494483,0.029898930486925268,0.04638757004481359,0.0452562649487774,0.023852121329192667,0.0165246728644503,0.023194352624548064,0.0309224821010303,0.034038605732014005,0.026058747081282568,0.035749027453216564,0.03741628440277114,0.027378666633169697,0.0159610076233011,0.015514013673064334,0.017067753774981834,0.42170761926064365,0.026646689176826468
197,0.019748624780254832,0.0228491854748069,0.04480484775209894,0.0465693243992723,0.02496514846670593,0.4042909808258925,0.017832505137904898,0.013817639927638533,0.0312423710564108,0.02332403402908707,0.032209124120342096,0.029971729574250764,0.024771706437017732,0.02068084974572,0.09299862765394447,0.0174617994566176,0.02069352097266487,0.039581428891788804,0.048005543113100624,0.0241810081844795
198,0.06940096525311173,0.03056282504906363,0.027226557931335934,0.0586243263545187,0.053725848958458396,0.028159923287436103,0.02175914256058407,0.0629600823985535,0.024085206627209366,0.050082626924534496,0.06313614063950643,0.029606865988340437,0.015198299101672067,0.0215276685573451,0.0159314143171071,0.018329780145541867,0.030099826834542567,0.29866182226044374,0.03198084314886677,0.04893983366182714
199,0.011245455439167799,0.04182137685098284,0.0420607777057141,0.034545668143778234,0.1968377982253567,0.011015179239264932,0.14122558471586896,0.04623102642387816,0.03190791101629157,0.10071640103921069,0.129747060804587,0.020648529096055065,0.0088037976442136,0.017325278588607468,0.014023837534642999,0.019525930241741197,0.009849417107089501,0.04268472499086487,0.05706570889796784,0.02271853629471547
200,0.024076070367215197,0.0134337926917005,0.029835897352674733,0.0941830743892985,0.04811258811517636,0.013125604878117864,0.20254593388468878,0.032830399631060936,0.031524461618944934,0.030132005549375535,0.0754990294256363,0.12128862453727719,0.022537121006829197,0.06920104607479373,0.016028917685888534,0.036074358414057164,0.044043890415529335,0.026273381321926498,0.020882844535479533,0.0483709581043282
201,0.08310318041207918,0.016997460269788767,0.0329999017485972,0.033336605127566,0.027842849464348465,0.0273976748699826,0.0219812514860387,0.0157520137227392,0.030545551244066504,0.0384925844021484,0.029662520037051,0.0290433850565046,0.36493678447874384,0.04555247774886246,0.017144309506328698,0.03444998693607987,0.05795288271129356,0.04028351559195913,0.024676179613689998,0.027848885572131
202,0.32032465300721435,0.049354407893331,0.010583257554821,0.046530033642002776,0.008448962799907934,0.05957464215122207,0.026354322819926865,0.019948199191431367,0.0326896474619455,0.007003855198103767,0.04348896422002474,0.08266726418362635,0.034715080101721967,0.014596788831225801,0.008974078115091365,0.13881461659095448,0.023191459847277135,0.0388811414137192,0.01951369768421943,0.014344927292232168
203,0.05376159341695567,0.012204921585968568,0.06727360313982117,0.10544765596035992,0.055497238004789534,0.03670952337325293,0.031049514415592897,0.029609988970096132,0.026072383750736398,0.0219832559958739,0.02680926138538653,0.07483376279300469,0.008653455640467966,0.03574771693803366,0.017267738214341268,0.19806543513418448,0.09973197991633155,0.0286113349734675,0.03458073372185907,0.036088902669475266
204,0.0151650767041678,0.0045068143599161,0.044628489340282,0.16736531939877677,0.04328249512287404,0.012941051905647634,0.0322079237675678,0.07322267343723947,0.014899575416408434,0.12780448334985664,0.13055421572448042,0.021563978468203137,0.0165937214889435,0.055956368824763764,0.004596269466022634,0.0170294882317665,0.042405015795322167,0.06855347177546624,0.0656756812215334,0.04104788620076067
205,0.0503447460023175,0.0045354937838772,0.07355927854139267,0.16649872231131146,0.07724289831137936,0.025131830615307535,0.041127782231882064,0.04247034691928567,0.048080222342904065,0.020835698208461536,0.034799317173144,0.0447084376780972,0.0112758656278066,0.040948525747883734,0.018328339134412633,0.03468149686985607,0.07682222312978225,0.11253943478189223,0.0192477174658915,0.05682162312311383
206,0.027182309907025203,0.020581804723027532,0.3257781791604091,0.04487904068089537,0.023374424664220905,0.019804221474674265,0.043981872230776826,0.039177069428417234,0.013840216111745967,0.016009125990140635,0.043343770179059195,0.0930246941217439,0.02809590903446177,0.021942866983939133,0.02166476577955807,0.01804575867378,0.031660029975868136,0.014999385313651898,0.047537043131771005,0.10507751243483293
207,0.0730192170742786,0.0177434756940443,0.03696881401822317,0.0640622484501025,0.016051010229654834,0.05908828277337246,0.0529554390577942,0.025146905425476703,0.05189847333231926,0.018535110152522735,0.021111424583565436,0.09103391849513708,0.03348817067335177,0.21482157240606045,0.011686419826311698,0.11636676052812713,0.027414481737002765,0.019782561908430803,0.024013224637448097,0.024812488996775236
208,0.0489979698465448,0.0040386126792509676,0.07770974654680833,0.07745804963305887,0.0479310590220385,0.01932737559711323,0.08787643953741747,0.03208171971943353,0.0389023149145608,0.04232950145053637,0.0683572227292344,0.08190411912213784,0.011989592728594567,0.13088616205375783,0.028523194178612432,0.035020779204836504,0.03919904938905786,0.028236001054202767,0.0463756308237514,0.05285545976905063
209,0.0326421192402298,0.010334410526952968,0.1500936595969363,0.0771905540296414,0.04284862221455566,0.0524010262592271,0.11462146295026558,0.004817256603224366,0.025256409267644536,0.052697372626011506,0.04698739135204027,0.1220275835397695,0.006287484321165,0.1042644435363101,0.03805043352284617,0.07330430931027507,0.018094646944203933,0.008102577573759234,0.008863052255940832,0.011115184328999732
210,0.05136542548301979,0.020723783231446802,0.0324378740877553,0.026254471333944932,0.0298781379514651,0.05711307578403493,0.04985083385365124,0.06841976493908435,0.0360768182958038,0.21516990142340767,0.04922517778285613,0.01631071881362413,0.02813059081768877,0.04623343917784937,0.0371640020021062,0.027759047003081735,0.040724661073094304,0.09098800238524063,0.03342766186589386,0.04274661269495003
211,0.019693017123485635,0.027677665848216335,0.039588139227924334,0.050688143885293295,0.050305503714270235,0.03721164825164524,0.05146952126484244,0.07780452150364214,0.042037920723634166,0.015368226329912166,0.050044078641660605,0.0796504829830791,0.038960792593430195,0.06261987736452336,0.0395133148259695,0.0577715241699193,0.10362606020143712,0.016535474944657364,0.027480172580555698,0.11195391382190097
212,0.11691339580298023,0.0323599712742798,0.050985481293588264,0.05668657115552903,0.03187244637471243,0.0495790997332922,0.042336492760030466,0.015090086030814368,0.030847666572816596,0.014862765476797699,0.03379634974585407,0.07807655307021023,0.1022193291000278,0.06937547847953053,0.044399064824230595,0.09100385945514673,0.04478753815760907,0.024670045557295035,0.042649030147900564,0.02748877498735337
213,0.04747608405460543,0.04681022216123593,0.05297232060005694,0.04641319978337954,0.05761344823482823,0.05846172275044457,0.064732487970649,0.04764389624741574,0.05198455117638547,0.05092881626213527,0.0475627959455405,0.050400971332158734,0.047406893988428234,0.057384790844981805,0.04634597184107486,0.044862729673127905,0.0472635716645305,0.04741430120312437,0.04313949935525203,0.043181724910644
214,0.05904745020537583,0.04338375854839647,0.05635158616630853,0.1056360596398987,0.038883171053631205,0.058345065114661,0.048379247073721536,0.0437309754086486,0.0434404725822963,0.039743064694768036,0.04824923691957273,0.056091148337452566,0.09789401791975243,0.04493503600788243,0.029407176237913734,0.05138560365748717,0.014257390120621034,0.019816717067699937,0.05130903980478237,0.04971378343912856
215,0.06433451800693897,0.0064666903692656005,0.04934408055880313,0.11021022191762365,0.0165943869316568,0.053113888526391706,0.0342391641484156,0.0178551163833343,0.03251906288326676,0.0347803984108683,0.032920798499802305,0.041952227173000234,0.25805695453053784,0.058637011886358566,0.016593798122542667,0.049363296572940474,0.046814513915595435,0.03760380585587777,0.015153837520387065,0.0234462277863919
216,0.08231543774545243,0.0261145110236171,0.044788253743539036,0.05191561628862553,0.023991390345067268,0.15285478468254887,0.0563105482832276,0.023348934636825566,0.01774997634510817,0.011400035475570497,0.05412942963372656,0.06788132560912709,0.07152384234899367,0.0392088419874884,0.0114021626605912,0.07527071625596253,0.06494575523559927,0.03358861039066477,0.0583889345501544,0.032870892758109164
217,0.03887028060542903,0.011069414100879934,0.04448996180776943,0.0722400728271121,0.018054949371928797,0.04956118109527913,0.04700305073674103,0.03556738974579197,0.03420983627949433,0.048175074940736834,0.07798642793734976,0.06491157158018503,0.08163780351054883,0.0785791298838339,0.039146959339215935,0.09052057930708475,0.0790636150587595,0.0531221025288919,0.020184710951812967,0.015605888391153934
218,0.03317881784402387,0.025688638561244332,0.018585805838842468,0.029132986131047468,0.0210260686941636,0.014323603279994601,0.016006140053697434,0.2089598947041267,0.027272889059131267,0.021425206046666298,0.028191328007673364,0.04927953464433537,0.0189860030775886,0.031066884865719735,0.012522150338868632,0.0194706561399144,0.17417524905726486,0.19640332114332226,0.04079531121610807,0.013509511296265667
219,0.05859499369974206,0.044715151854284596,0.0407505442360499,0.1075625253959432,0.0257211974004511,0.018644251966203066,0.07747575009947623,0.08324290237301783,0.017345235290869235,0.0143334371253312,0.0566023481138165,0.023210216811651464,0.0062653507438576,0.06304351130578505,0.017052650035431636,0.08874706464140801,0.12456864924697926,0.06727161880570927,0.022488560212571465,0.0423640406414205
220,0.05958897487510201,0.02104111162411923,0.06379689726635403,0.0327411003479314,0.04577546421464713,0.0171827609841611,0.04677983582936666,0.0942007198936307,0.023068958404288967,0.0359196543466031,0.02666150434357473,0.030182167669937737,0.024947760045052166,0.030575045220634433,0.016302902567034098,0.022132046938707132,0.0193599669369581,0.3390719875987174,0.025825249504969835,0.024845891388209067
221,0.09654039413944022,0.0275767921109364,0.021163791095045,0.0403062136345113,0.03421954509627897,0.04531963227311867,0.0416347254199372,0.040898781226536,0.0405089595950531,0.019969897204522465,0.05682692552063073,0.026688077435318133,0.019716720035405033,0.07683492174503591,0.0173794988847281,0.24567019378245405,0.055797305941129666,0.03628489542786087,0.018454490723917267,0.03820823870814
222,0.0358326945558375,0.024553895329976802,0.02379823045866984,0.0232030709295593,0.026321633183499903,0.02191916868232117,0.020469839789693033,0.03258725621236363,0.03193235754155353,0.043224159586060434,0.0421585577431243,0.0429051289989515,0.03571456364667083,0.031835629607852696,0.019271907167969168,0.045728214384701336,0.399855447630512,0.028026817694397937,0.0310714689634871,0.039589957892796936
223,0.0825084183776874,0.023571348265661967,0.017736777042052,0.024438912487682235,0.022263399124496566,0.05969079952059223,0.0387196813881544,0.016505320904497734,0.12272837045877803,0.02734038228965767,0.0838560648451578,0.04645046153961304,0.011095103181895799,0.06592489859214794,0.09537848627599481,0.16385420494945435,0.05152712562389474,0.013347270507864365,0.01690628589031583,0.0161566887344001
224,0.03321665729688433,0.013970552338118933,0.029571474677356897,0.0698291476891061,0.06441679345483893,0.028331210558634065,0.07156817903251643,0.131586093109844,0.03759756854770347,0.05735115077235053,0.05068671512698487,0.0685787755935915,0.0088766531110013,0.0382191152493572,0.06106623365567376,0.04647669104790789,0.06248520847750836,0.0588506712935542,0.014988231421804235,0.0523328775452623
225,0.0398443781930079,0.019398101936503532,0.04623240233424023,0.04096188195377363,0.029626256106092295,0.05412031190476857,0.0493796138474502,0.016812897220012234,0.04548247133492377,0.018442990322271566,0.0392860899099682,0.0581500638977115,0.012882418827258067,0.0434975826325699,0.03405879807278964,0.19349300885912382,0.18472775475819977,0.02449665524173957,0.019981113518596733,0.029125209128997964
226,0.054927747059180826,0.022391684123907536,0.01604599741014377,0.08726768477880247,0.019576562642209,0.014325230026081067,0.0348650441454692,0.0821265263856667,0.0528170948911009,0.045741792421078266,0.0724079808142432,0.03444296110524143,0.015354231678498498,0.1806933839469099,0.0149493966340665,0.04921571092424396,0.054220210564870565,0.08981192544828442,0.029162559810468797,0.029656275189532
227,0.03798541414895503,0.0198868174267554,0.0262204775050708,0.021212493105013233,0.0515340674074479,0.034324198747446064,0.021210019070754465,0.034793998392812164,0.04252040613887457,0.0249659141018916,0.04486360543388463,0.039065523864332735,0.020775106585749166,0.32441297267669406,0.029756243995668997,0.030496985522557463,0.09133573405529583,0.05665368553952054,0.024563821714397468,0.023422514566876936
228,0.021197346065693633,0.018849301079064563,0.08287721033859996,0.10701983479265857,0.025826051611108635,0.011909609439920366,0.04751382939383903,0.16598697348113842,0.02380475873705633,0.027093969923392167,0.050817901528499264,0.0427624951214766,0.018585747469488798,0.03585943487254497,0.0349177598627215,0.042852647066431264,0.09388268723231401,0.11419136101658421,0.021090135003581437,0.012960945963885235
229,0.05454958146646933,0.038068198065193404,0.0398064620012615,0.016852649050573234,0.0351191570098971,0.0235671127816023,0.022042553176972235,0.13924972142447753,0.030640649520493796,0.04275146907483796,0.036389777726396434,0.034330449383711194,0.026892094406084335,0.03561245232126673,0.013479448466973734,0.028489240078344066,0.031982857739746365,0.2865559239133049,0.03152242367339097,0.03209777871900183
230,0.039606718622659735,0.0140390507201917,0.05924154236970616,0.17784630982519692,0.0596421116064404,0.0178813162239497,0.0319676723696291,0.10092029271354819,0.026297353243267162,0.03603960395959683,0.042536160987501535,0.012228023261104165,0.010561629635422667,0.042452203634226304,0.023702361272401,0.042365180465109294,0.08160316567295274,0.06474418157435917,0.04389851930237217,0.0724266025403641
231,0.17828751862343958,0.031049727826021865,0.0329019887517063,0.02937510581780563,0.04245286512933153,0.0276157323297497,0.03611478866548964,0.09659192286464742,0.0102269919170659,0.0222182669761145,0.036085103335595635,0.037883419853286436,0.09548809734281877,0.0383548950879246,0.013136662626389467,0.08349259771625626,0.07310322331595709,0.09596532940457074,0.0076242282707470995,0.012031534145080932
232,0.019602666703163935,0.016038805837832834,0.09894635545990021,0.1328205066497586,0.0394346897016069,0.008719867417974035,0.0254019617052425,0.0989125603598718,0.044352876954390406,0.029394577573589764,0.0570232939025361,0.048603987734190335,0.008788062596899434,0.06315542994451057,0.03269925168858683,0.056690318726147305,0.049848976174821626,0.13270021722222666,0.013493697888869532,0.023371895757879665
233,0.024466861559209133,0.021006696722587665,0.05647061087784686,0.08882253322069267,0.053519415243444,0.0370524937645282,0.029251840026673633,0.1208584149807738,0.015694961807269668,0.11569197164962186,0.0778424254550803,0.024841036172126935,0.021160602173663803,0.07170415567665117,0.016171943724560333,0.0117836187514615,0.03533812041307376,0.10641381930558601,0.029229425766931934,0.0426790527082159
234,0.0995928120783684,0.021977768503606068,0.07205575322416584,0.03793351658188127,0.05171398556402066,0.10028811238129366,0.11092014769664198,0.04573177169905657,0.006199935495341467,0.0326356028297796,0.04686626638409957,0.006229850192130334,0.06448785458619306,0.0262322903116428,0.0048376114565137,0.11402539091394874,0.044091944212914465,0.05203734898638776,0.0117037823049223,0.05043825459709084
235,0.04575242049834386,0.016430226001253833,0.128175174994109,0.1251158984339342,0.04141799349397074,0.025516547532755163,0.048550001562480294,0.057459497531619635,0.019317906445987767,0.0667874323848885,0.0782880050447881,0.045068671635363676,0.0673942989199529,0.049194602334474334,0.010001925608308832,0.04617867428872637,0.03845781823118267,0.046033986820050894,0.015287042997117667,0.029571875240690732
236,0.03652208009384707,0.012746646835916068,0.06936391688432074,0.09917329087118026,0.02653078487428497,0.004580101508866733,0.023400943824928203,0.14968324428821358,0.0334551139931636,0.07479904340003024,0.05141000444101287,0.013414902007788734,0.010104110182603265,0.027312757873448768,0.031829224463161936,0.0484955594185378,0.04832730882016393,0.07320297266493357,0.11990640938256862,0.0457415841710282
237,0.13134074696934941,0.02249150403084067,0.03946622073655583,0.03840120254522136,0.04785704473818436,0.019065885970051433,0.0497847387993379,0.04723914545900473,0.023407772108715003,0.06938622073353701,0.03254027356157877,0.014765271301146,0.19604109329183886,0.03197095290867657,0.0115367645905399,0.05765950485371097,0.0812319610617381,0.04017154072142564,0.021434183217634895,0.0242079724009117
238,0.08520974786608504,0.009403922767087066,0.12616820074318902,0.03330110956544883,0.036105084489350035,0.056349380836341396,0.0300419008510622,0.04273359856390857,0.016100652445196668,0.044361887385582964,0.025165773008683803,0.0689513198996267,0.07260308275869613,0.03958557768426366,0.0411083308872287,0.08217322130094246,0.05474405109059737,0.0338880929348036,0.0694542811106971,0.03255078381120787
239,0.0632462967914247,0.0262611831443015,0.030939628290502664,0.0156125370653974,0.031036251877459065,0.02834339958539527,0.019109143978260468,0.1207950475164915,0.02879561284976187,0.12660406054995227,0.03936437704227393,0.036867708408345565,0.0271248952728521,0.0485003407938668,0.09338480869885823,0.028380482315125733,0.0250128467520514,0.1600637504532278,0.026439512124576403,0.024118116489874334
240,0.046553245067931175,0.014962757635300167,0.033147869720812795,0.0755875753940939,0.04798366597231787,0.009602817346379734,0.07850870694575081,0.07072486941627108,0.024525864923350803,0.031066073459805166,0.0713767634031305,0.07733093989161893,0.05753163008592314,0.15926489627138263,0.04808534768714853,0.044466065207658334,0.0108949516362115,0.03292661067499487,0.021647817057175365,0.0438115322027418
241,0.0360187606071563,0.020447699230384836,0.06233056488130793,0.0716564948933609,0.0181911774941083,0.21335818514620675,0.052876886984932,0.02106762965065723,0.0450808249739326,0.0248767458491458,0.028749902193706562,0.15038285768661416,0.02111574335936697,0.04840663648430566,0.012013036450670233,0.032089597225388934,0.07874858282528897,0.021636545879844333,0.020333975536765834,0.020618152646854935
242,0.008742173872766367,0.019404630634950033,0.016174579382221933,0.018467151530190535,0.043216072995404864,0.014099431182413635,0.07885151358662723,0.06849221440730376,0.010091081427210767,0.0354679991931339,0.09687927084954227,0.040978672749553004,0.0031138140322599667,0.12566659270356398,0.007785389214659267,0.13098687261426825,0.14074331488363204,0.11010953664842472,0.0170735080467956,0.013656180045076967
243,0.032070635449135,0.0097603117667377,0.08824476147898101,0.0691328440118763,0.0067940920200367004,0.08348658457391143,0.0381463025083535,0.01682614082991953,0.010276512952028768,0.004699503316791366,0.026413751812863432,0.10438676892028675,0.0373045913898747,0.04126798143937643,0.004033684739122667,0.07351967922138623,0.32307122841611274,0.014786456376558168,0.0101627049945884,0.005615463782058233
244,0.1572671453078821,0.011024253476191766,0.027554131211737068,0.03414877746281663,0.03877982100193827,0.0692289996468661,0.030487178149549432,0.04238192849231933,0.016271518444874965,0.018812400120259396,0.04294962482091657,0.032842256552658496,0.024316537013718467,0.017239815375855064,0.015930032761684733,0.31505504353335484,0.0378100274545025,0.011412456998382302,0.03157710951144307,0.024910942663048136
245,0.025029624352697732,0.0243820035127596,0.0198691616661377,0.0153963772332806,0.20056023988979454,0.08562908439104959,0.0195241196984456,0.030966038877417668,0.04435024508148411,0.03477889816507653,0.03821979341383774,0.027737008116251568,0.018565730825878268,0.028688524673329868,0.19115014991387533,0.03708874344042106,0.023738646452306,0.025621963622181398,0.0496475192823674,0.05905612739140676
246,0.0271406743858927,0.04376096219754,0.05341198145183093,0.02202083098222647,0.012148449865447301,0.025232000963295902,0.024798039782937233,0.34505599369734535,0.034376483126903,0.04982265082940207,0.044195076743524526,0.0513997644026724,0.0381268742739867,0.0537467518427146,0.021777480401014234,0.0232010443702789,0.021647571650451735,0.05849518780365154,0.024980777134259363,0.024661404094624067
247,0.0649353203573411,0.012674124768108266,0.06953104130099706,0.06460936669285296,0.029392479193800364,0.0370105888527084,0.06517656726565936,0.08710809453182163,0.0225469162398739,0.0562956111062649,0.031636405236654536,0.0259923856679722,0.0208122154851855,0.050364922239821565,0.019499403176566635,0.15817845038954007,0.06941798585456453,0.056029181565533465,0.0164481785427785,0.04234076153195417
248,0.0188663158468319,0.017894849563451,0.0193428534328805,0.06469329803217544,0.0683676530875058,0.015158557311137535,0.019275041902966635,0.32709819647430266,0.03665097091806937,0.05291177682076503,0.041454171215021436,0.0438915943420293,0.012151343439686999,0.032981657366479435,0.024894193605617967,0.0318280440526747,0.0332349204653761,0.09501591167254743,0.018986939985526332,0.025301710464953536
249,0.02463362258163297,0.05871174371790333,0.016480550194242768,0.029273181693777236,0.08260147879508917,0.021830528337668867,0.13202559692817126,0.025372715663065103,0.0188487316325073,0.035548616880646,0.039454981000863934,0.0367535548412077,0.018423136322456467,0.052967705804055,0.03109976700637736,0.017045358134603335,0.011483103888060566,0.03244617720448393,0.02509354990725447,0.28990589946593226
250,0.016037105068034366,0.021075862388000365,0.019991529961370033,0.0182482629761171,0.11427676778860889,0.020146199242358668,0.14223744270277913,0.0105629041628834,0.01656706787514727,0.0163720285677316,0.03230051635572797,0.016382216520505435,0.015089668657185569,0.022927262237888702,0.015369344997269134,0.028993353953227604,0.013491376403400535,0.011987660798345833,0.18175583230645775,0.2661875970369598
251,0.028074249224722934,0.02340106787405,0.052635692888202135,0.029045362265409335,0.014094779234479599,0.03296363639430763,0.025666323409340733,0.02989101152715633,0.042663203979060434,0.02166984463729357,0.05023308446564793,0.043899077464063636,0.016443923576536037,0.016123370118198532,0.0287164010685937,0.0369221893546993,0.39048050879032375,0.0536591059684819,0.041032505790137265,0.022384661969294433
252,0.02576451457265103,0.018229207219879365,0.020027564541952366,0.014098008400399433,0.021189450094274396,0.0156116305662481,0.037097518203914735,0.28184252853817665,0.04048332773751923,0.10946291940571794,0.07308244457159974,0.011641270605332266,0.01738914713380353,0.054702693864611,0.023373378862422033,0.0289163371395455,0.0474788226343005,0.12723897054539748,0.016388653153235868,0.015981612209018
253,0.09103652249581606,0.035502093549638965,0.048272528093129034,0.04092344639693727,0.01679565109424577,0.02786690149168437,0.040669759855785234,0.027444680161118663,0.03514659590873367,0.0321519374268347,0.029802866917504636,0.023684447012495533,0.0278366778298812,0.02345643122344423,0.019143012216603833,0.026805925261056133,0.02906199484479967,0.37195202051796733,0.02201118570707977,0.030435321995243136
254,0.0684136217045375,0.0392874653166827,0.01583642815992217,0.058463793171393795,0.04461995633514724,0.021170646112717965,0.0412444828783991,0.014986632332193233,0.1479817512980884,0.010221833987959165,0.02912614639879957,0.033963602836743635,0.13875099219003556,0.07894500650857184,0.07473757335641333,0.05195859367887231,0.03555313052923243,0.026529441288037903,0.04514123926012087,0.02306766265613037
255,0.06218838432662657,0.029188722190939737,0.02603384258190693,0.041513293561965,0.0263979600813634,0.027056247270804534,0.043662029257190094,0.01939783165710223,0.04600278134802957,0.0220947533626995,0.034091942127468466,0.037421631308730934,0.2883631296169718,0.04742580578853736,0.039524864245039266,0.082429268654536,0.039018567556682766,0.034352034507705465,0.02776788177547973,0.026069028780219865
256,0.0254608843991182,0.017568459118748065,0.05473518526323579,0.04535514204747996,0.021534609615063333,0.3089140498076834,0.0815193286267983,0.0185017755258905,0.028134695690130967,0.017184660274183267,0.03759357392774867,0.08166243577619917,0.0345799036010086,0.027339013991083433,0.0375786285909435,0.04227912842763084,0.024235820189779805,0.05154521086084357,0.01776976710930543,0.026507727157124267
257,0.030873883907890504,0.020644401244251098,0.4161560280891101,0.036543031252447296,0.037379214512985766,0.023390924872230434,0.04954926533077827,0.033219291599433466,0.019846066730911435,0.017529422725014367,0.030679104437533366,0.043298667468148866,0.0204655620655924,0.03683711888444717,0.0197889539974854,0.0459751567118613,0.016855718748289367,0.031027414874332165,0.014406260552061132,0.0555345119951951
258,0.06253320832834737,0.05660509554097846,0.040433867230162096,0.12305346339989946,0.030274813120748496,0.012183112219759465,0.037413157591502204,0.10547376559257006,0.0166050926405385,0.034476396926554166,0.07584470359448046,0.021032499531143733,0.010145059943172233,0.060020358895423336,0.012389332018432736,0.0569940555048743,0.1322437746791855,0.06245353979588523,0.014321256898661169,0.03550344654768
259,0.02095589146191887,0.0302024232398569,0.034589259619208,0.037265650858661264,0.06226842059769964,0.0286009221422593,0.03156209317846003,0.0450512667068774,0.021088302749146498,0.42561615457100643,0.024447394796610664,0.03560841280585026,0.0432640390101511,0.024874876244961864,0.023736435955461332,0.02218940369619986,0.012055354128604765,0.03724879447638083,0.019020494053607867,0.020354409707076165
260,0.07098459017972093,0.027749101930204367,0.012507966822731434,0.0656804631526369,0.1379147753879668,0.019821404401949735,0.10162277589861497,0.038453849905253835,0.013534445343238067,0.060817596246830995,0.1260408681344138,0.06206191597273123,0.0034519641541907336,0.09806830206868189,0.004752680222113333,0.056823280895169,0.019532394755523333,0.021945991400964437,0.0162222718954228,0.04201336123164034
261,0.03239151907676464,0.0218188621212293,0.023038269733409732,0.021682483058830433,0.04279416104448957,0.023955061096452197,0.03380747548355387,0.4001737083592678,0.021955909174990965,0.057727775717451545,0.07710328631292206,0.0302501417307323,0.019105315245896568,0.01803903880905163,0.025282044670017368,0.013181460853534098,0.04337408755294644,0.03622229299833451,0.027370003469306303,0.030727103490817767
262,0.042864884627021566,0.026520417203310036,0.0210375771472413,0.05582035768357527,0.0310281291523417,0.021324326621493698,0.040615389730917904,0.0517182441625443,0.0317273699747282,0.021031800939592102,0.039846526742173066,0.36693370828935024,0.03869397140743033,0.0586056013837589,0.03165926153212473,0.0338164301267549,0.028233198228462365,0.020783339401415902,0.018951276437313966,0.01878818920844863
263,0.19496527752462578,0.0287123607135716,0.024723914632801703,0.035078870926818335,0.0546545504425319,0.019474455676323364,0.11826603358060163,0.02846610254843013,0.008788142834425033,0.010322071056415234,0.04417480216773196,0.017613413311143467,0.0111258486681942,0.016746783537349368,0.021498752831389568,0.15070245371272947,0.1108126406675237,0.0267227345118336,0.0510354895901541,0.0261153010654049
264,0.023513830869186268,0.03215934482725757,0.08375213823541162,0.035840789784448,0.025620060223053197,0.01994961162094237,0.016709570770826968,0.06227006368149163,0.023788653674853666,0.019194507284152132,0.02587571506042183,0.03223344384606377,0.028341167368462764,0.0308362324752174,0.026601275638848565,0.09426870987626806,0.3453457323926726,0.0191749403794208,0.0351034452405496,0.019420766750450198
265,0.060390514468005106,0.03067550826062017,0.0392048730964053,0.03552014610873377,0.027916613831734133,0.33395592609417585,0.0358518465855979,0.027174535296647734,0.017311193746602133,0.035445855020829066,0.0210232275055344,0.03116014276791727,0.023172014376625232,0.023619357298850268,0.025974361144379635,0.08147453423880745,0.046477600211386305,0.05779245324011856,0.0316020709021783,0.014257225804850499
266,0.046772044598616835,0.017345402379379933,0.029587459744485803,0.0391482965306808,0.021323855815165632,0.10699692265957543,0.049074293480142,0.018400846279646266,0.0168866305058681,0.0235787595459154,0.04493100344588417,0.2575066474304011,0.09980741768740303,0.0336131324420553,0.023526577628738398,0.0365486534611023,0.05405701232282414,0.026024279622273067,0.030692964694871,0.024177799724970334
267,0.017662898677176266,0.018836540333991965,0.024264480660018,0.015338877823691933,0.26739581315344796,0.022030915465456533,0.011601466871993002,0.03878497181955997,0.012823665813084834,0.3034085932745369,0.07996467501225957,0.013764813728847802,0.02406553272614383,0.030492692513188036,0.0140321148302373,0.011944477726836366,0.020964175186549198,0.019024251521185403,0.031235292842826497,0.0223637500189677
268,0.0314694198697503,0.020539169194945302,0.020036704209181966,0.0183683929163276,0.031170082635480965,0.024593496213897736,0.017877660774686232,0.36171866753042775,0.031708136885735295,0.06464800504927194,0.04635136674197726,0.03307696525928323,0.012020263451676566,0.013410141294082934,0.023141638666220266,0.02737389994649207,0.06572115168154596,0.09666403946275454,0.024950314151665234,0.035160484064595966
269,0.4241251265237351,0.0192573014439772,0.0314125323363851,0.0179933951794456,0.027051230591505337,0.0832450019238377,0.029018102104699132,0.0300944423393312,0.018717996211726734,0.032992135943454494,0.027860875818076197,0.0267254187413201,0.024676260858415868,0.036649466415429696,0.029250572851198763,0.037295160195981135,0.03234414444950346,0.0194562172156494,0.03204155799908614,0.019793060857240734
270,0.02444471342428183,0.035533202507405964,0.02549918912667747,0.014766813222617631,0.025678633369236536,0.03313548048096457,0.0535520710036791,0.0218399620628137,0.023959036154998465,0.024453904175996004,0.04517349028753026,0.026124637893739932,0.4266476054643573,0.03199344920185617,0.032864334913841865,0.025746499416310905,0.03158162810944454,0.0242942312274277,0.04458962562077797,0.028121492336041134
271,0.030588100889407933,0.035497340194330866,0.018495638275321333,0.0226361858837862,0.0110095320947946,0.0206186870914591,0.042306215599615636,0.03164140995830457,0.0286818586927808,0.034045629105447034,0.04354390700591143,0.0330696551408478,0.0340580250095437,0.03033816801475597,0.4051554775838551,0.048249649716707366,0.02155135979237963,0.025372895978339697,0.039379734783155464,0.043760529189254736
272,0.0221494765887208,0.0514482940077951,0.03263293432759127,0.038334263514007934,0.02535556003833217,0.40420575357652333,0.0194376972334507,0.0210074748774625,0.06445218976580071,0.016151497694105333,0.02963103994531363,0.022764632109318603,0.0197833966640448,0.030527560952377634,0.016132192563458565,0.020264389295646265,0.0326029121115272,0.04978738441900953,0.0336801840168163,0.04965116629869674
273,0.0173230601829589,0.026936087416091534,0.028060490306047736,0.0270589561763037,0.05346702884032803,0.015573794362547735,0.039652760213483164,0.0266124954911785,0.03920573299645239,0.018588969697636033,0.04468315873965256,0.053186690414878,0.031156092906906064,0.032560948877708634,0.030245950697604832,0.052315523484836264,0.015423249441713567,0.0220920315907711,0.03444692746062363,0.39141005070227664
274,0.007910888750139634,0.038413179529375736,0.021814730405343933,0.015453422893777366,0.248998196107763,0.017913409948433334,0.032058540352466164,0.009954384360116834,0.0163603143150912,0.0270991926101124,0.016582540720320598,0.0111090714200508,0.0176609676057526,0.015881376333378435,0.015936418465063634,0.019609406568920802,0.021824148091059366,0.0125932666472741,0.0293421387641659,0.4034844061113933
275,0.057785505520981134,0.0149005031274536,0.022355286733833,0.049152787812157095,0.04362913484731077,0.015124088089818834,0.030013255686399867,0.045238827331732935,0.16081767710478737,0.0412146153027167,0.034488833286687094,0.02280727950533,0.10470100038770151,0.022628994626938365,0.14460065695252447,0.042390229610486864,0.027512841851285035,0.0650480603346794,0.04419772241736753,0.011392699469807567
276,0.025318580165067467,0.020709992830692536,0.018818289651123234,0.010729700829287266,0.06245900659520153,0.012678621114554632,0.030500141037826303,0.16504389283418616,0.0202986200834382,0.3097351893174373,0.04668793897044133,0.013332091647704,0.0186072376759867,0.018812781745254633,0.021795261593940466,0.015807292849241032,0.030905891268354732,0.08889670955051517,0.024661579999559768,0.04420118024018663
277,0.0430347614353552,0.015922049710498137,0.022614073427911264,0.025619257133532195,0.0271401779808369,0.26169854827988537,0.037595304498097136,0.03890129337608343,0.05049400424515674,0.04119181361337623,0.038853230975979064,0.06026261468777163,0.02016558298056303,0.04993802313126117,0.07199005357502576,0.04597408863996083,0.05834885260034717,0.046536445340956405,0.014300593058006234,0.029419231309395135
278,0.04274637142228063,0.007586716668425833,0.056015227837638897,0.10092556896376192,0.017498157317202136,0.028231320066082033,0.06178776956319643,0.017347217212572333,0.054605353325616564,0.0187293208877078,0.06354823649620554,0.07837938750724964,0.0885785246714537,0.0549590435133544,0.05569487581640836,0.06808746105959473,0.08899105946356711,0.021663054925808303,0.01812732802203353,0.05649800525983923
279,0.06263730364466784,0.012930188207850834,0.020526020222567765,0.023400836353688,0.03725378328466383,0.19835507818908873,0.03846072072157556,0.028982992857842338,0.046986667037524736,0.018027455817332064,0.08175721988354823,0.032957376303627405,0.0361028339990754,0.058476904316659965,0.0520137540752856,0.06090895738964993,0.0635987382147038,0.0519380110903958,0.03762294653322006,0.03706221185703113
280,0.048156683477271096,0.0091244285698335,0.062132848155411764,0.024124464358926834,0.026962689133007135,0.037895791506394036,0.0823422446916255,0.024117133669740432,0.09361293844568426,0.02308706966462974,0.030988837019353167,0.195441957926637,0.019980079101888933,0.08200975676251383,0.039199186069966564,0.0571040695647775,0.05789479954227173,0.0278276956861891,0.02478264747912313,0.0332146791747537
281,0.1582750930360277,0.036713466505183735,0.040360276877748964,0.017940508986447137,0.03586714933677187,0.0956034470639097,0.02711227033475923,0.0395755558972818,0.028578201730018803,0.012365495351966368,0.03053468724487303,0.08837013222872857,0.0148448406691397,0.016512388064369467,0.0118715159317987,0.25241371224160475,0.010257147067492534,0.01979043749262367,0.022353936903811364,0.04065973703544203
282,0.08660057596643726,0.0320504405576979,0.04802634968667874,0.030919703905276263,0.027163252625156734,0.061874007118951364,0.04064397782780157,0.017627545815223467,0.027745125923616932,0.018483706820634164,0.025369410858378464,0.048098712757568364,0.0143868529425381,0.030821989865575165,0.026731833081780468,0.2431827102756999,0.12475491414499816,0.027224435398358903,0.025225529543315302,0.0430689248843118
283,0.05237620111996847,0.03764863096920126,0.016940164101523134,0.0120903091199331,0.039230820852824935,0.008825986366097233,0.022799289591690666,0.2872248430562702,0.0163048724875865,0.04841554778997823,0.05234720729544296,0.013918309962425301,0.012876363259842934,0.0245671231930845,0.012071352882574533,0.024497217423373796,0.021821077912296035,0.17446054525433338,0.07245639400129117,0.04912774336026073
284,0.007274196211028368,0.019164317642584933,0.009709255384119767,0.03094607085297643,0.031111669208983898,0.013437255400225367,0.024028552805894204,0.3234120722388202,0.023545544236643432,0.09538792308035136,0.20535941508506694,0.011214304055550467,0.011989430499118334,0.024695985926819167,0.0131166892921645,0.021302969733335134,0.0166165937785798,0.0734003911533883,0.027337481477786935,0.0169498819365616
285,0.0274952997547329,0.024580303607850868,0.02211820491565007,0.028573226510664032,0.03043706945835407,0.03332605934627123,0.05779899469457053,0.12303380864761464,0.05349004183602104,0.08457899313029789,0.062295471662537794,0.0236579527522775,0.010594250630697534,0.08098351176048096,0.11811919696207628,0.0357599324187205,0.053221906758192,0.08458305726178562,0.021998548496783,0.02335416939442057
286,0.046265099922942164,0.018031777857768466,0.027258637973510996,0.0206704480486055,0.03210935684750963,0.016013558720819204,0.03139386649747803,0.02897735445651563,0.0177165851930294,0.0172007162636688,0.026946783164197536,0.013756103260273366,0.0250409885316175,0.023155207369539466,0.02128529961533133,0.3266905906011414,0.23141802583772497,0.013754638025377101,0.045061864263808094,0.017253097549140367
287,0.0226292094914462,0.03286744270727927,0.37219043030343135,0.039999390226567295,0.04848589726874803,0.03688478656934183,0.028297358716285363,0.0128226604909985,0.022440001112666197,0.0258964882364265,0.04392059063128614,0.030697797290451134,0.0147181193289678,0.05409268161041397,0.0389104112322244,0.032672118000399604,0.039271046400084934,0.025418932568903135,0.025645333256542533,0.05213930455753497
288,0.17822772547484525,0.032484104699519005,0.04505698266866864,0.03459939677497734,0.02527989281912907,0.06788945266856873,0.0657797310343879,0.04060318116139686,0.0228486625284678,0.09725261091889192,0.0594333455846092,0.030060931352810332,0.0112017136448063,0.05490344563809596,0.03510127273677243,0.0439031029030528,0.03564958152546573,0.05586862084514404,0.027872441603327802,0.03598380341706197
289,0.045206933270297366,0.015243257977827433,0.027382343313926066,0.040226539123256265,0.046987826712116036,0.023300530972264834,0.0504661601556704,0.058238430798773666,0.10495989061159083,0.051370668995344794,0.036177382949189936,0.036947534563082564,0.18033481860515743,0.026235907740348202,0.0692123524556275,0.040993216049590296,0.03850380185916304,0.0716990579053332,0.014230669670595502,0.022282676270843568
290,0.030882666056238534,0.0204347130418827,0.024217290653583,0.028236382413368566,0.0392569925313973,0.025708840909549797,0.0214738961373319,0.3983304327842893,0.0242345109163729,0.06711162734012253,0.05285588959338503,0.022273406994479234,0.012489911176945234,0.019745801701946068,0.014465840765767733,0.027652619290941635,0.019408372855431566,0.09238608249979491,0.037423010121079965,0.021411712216091134
291,0.06079978966466574,0.050076444088056095,0.012151727951755899,0.02577110008450077,0.022641474729626066,0.07876588467009488,0.030357243236917367,0.0926580956357349,0.07562091039928277,0.03192781962514333,0.057838999145037095,0.020368427487740735,0.0046891820833055336,0.0615881220692287,0.07532574274721121,0.056308028126321796,0.06963689156686767,0.13204957924970026,0.023301562805664335,0.018122974633143833
292,0.04147410057205807,0.019462639221112733,0.03562320374201453,0.06199441634676713,0.0167425994693024,0.0428604346641549,0.10782098970172165,0.056304707648591405,0.11015213509809733,0.04267160064081837,0.05193265810943857,0.042923580703743,0.03824892583820744,0.07015740513436697,0.0543769834842475,0.07156606456526994,0.039820803466730295,0.045519647996533665,0.0268819541252866,0.023465149471536603
293,0.021152075276422305,0.42388254472059606,0.0534338795430766,0.02559300034877877,0.03606903400037917,0.0387536966072414,0.042849779300642536,0.019696864017130566,0.023091211630634902,0.03578575590799387,0.016064425974734533,0.017382244138212134,0.0228005476610313,0.01800506093057153,0.02519485313122573,0.051824098040482165,0.022723385962455267,0.028457793675984333,0.0291704971243386,0.04806925200806733
294,0.03932666544688156,0.013473599703021666,0.03261206019141457,0.03436856632506047,0.054284176047799136,0.022858427250615765,0.0997736643507779,0.0430434321916451,0.04723049524011277,0.032486666988863606,0.0413675179482252,0.06473398506705276,0.0028383680541793667,0.0374143863272171,0.06136814423589354,0.0444181953434789,0.049671935527624896,0.06866897269539866,0.0980603311922043,0.11200040987253201
295,0.08368817921668521,0.03774465147935087,0.0493835134002342,0.06222481333246194,0.02554137930082193,0.020893977011588835,0.061644258532300766,0.041056894125782395,0.0395476010815655,0.0722762116866071,0.08126325378528307,0.03719744406537123,0.0071048425952761,0.03895554580019047,0.04306460636217887,0.05193372793176917,0.018060612061988,0.0394924379773954,0.02200476233558217,0.16692128791756589
296,0.06643747493157003,0.0110372745205642,0.05077859219560734,0.08032591729153371,0.03512837512414523,0.03172664107993007,0.08054073242837927,0.03908078962254286,0.02541616477103703,0.04595662292681071,0.09175849488621096,0.060318066541486894,0.09217453730729912,0.06218621662345843,0.022801782755617502,0.05663534111433257,0.05897145570528644,0.03919858824763253,0.030146814208129133,0.019380117718424964
297,0.03608434740874023,0.4174649379214506,0.0207143941365923,0.0134869651262147,0.047939240985520694,0.011408789038019167,0.020646199116607766,0.0216247694438513,0.02515738652910383,0.01747901555628187,0.049226429668790796,0.034575849927638534,0.026905558975745203,0.026467411303747097,0.03800755534863987,0.0441798560941881,0.022012065459658767,0.03775955966932987,0.053004138915167774,0.03585552937471053
298,0.04214088150105644,0.03093321280234913,0.0202933167785599,0.01707823730922633,0.0486307205154514,0.0202444269539789,0.11361614075970257,0.24833776841665056,0.0278779300112755,0.08325348312706614,0.026449354683439064,0.011565610440892266,0.01773681504085123,0.013949478595588498,0.0096296270529693,0.020329671660648665,0.035235265515414164,0.1343449162075492,0.04471159673347517,0.03364154589385477
299,0.04127343064001387,0.04854533242727067,0.026229233818776166,0.043541398150682864,0.028133289630590298,0.015718542215905233,0.030070881313421737,0.045670116382410864,0.0331056695361805,0.018082524378542034,0.03924475654457359,0.050336296966709604,0.016942603705475266,0.048358923512543506,0.03476140026125953,0.12766995265305764,0.24381133379309297,0.04167139454638846,0.03987539085216623,0.026957528670937998
300,0.08143099405395976,0.0342968069336203,0.030789502401209368,0.0463507322638727,0.027061487846489467,0.03388263507770297,0.030571647290643933,0.0272530892071846,0.02613913773779927,0.03217525198298917,0.04163376130474634,0.0366293594397458,0.24692822325803146,0.0491676256031452,0.0263970998456388,0.030902658849264634,0.061383358150439604,0.04204187748427613,0.0447689023525383,0.05019584891670123
301,0.04070395479256494,0.04625255529282047,0.05173112248874007,0.041358127282282504,0.030246687307195635,0.042398126552247395,0.04281334357609007,0.02634493212477827,0.043870063814632564,0.05641694147944846,0.0521220413727318,0.1844654071621632,0.029443649345248266,0.039060916369601434,0.030756973016587797,0.050382363513516305,0.0306461770440591,0.06299884357672866,0.05032511991011413,0.04766265397844819
302,0.052515108006936366,0.0433424018665797,0.0502320371956958,0.0397204093594708,0.0282085217194986,0.35269909985307585,0.0475990266571609,0.014903048307660668,0.03796781039434017,0.02485391389199083,0.02931074729820894,0.04661006391180197,0.025848743526125265,0.04135685155104266,0.026741504800015036,0.022926890431903133,0.0226009156116488,0.03975293754888157,0.020239194614808335,0.03257077345315377
303,0.031078707703889864,0.0266118234939284,0.038960915837264,0.030649494804256768,0.030117257212209498,0.0335242998450814,0.0552327207659594,0.0406737374215453,0.0254132030170663,0.024185675685728398,0.05820923656365216,0.03897935928516077,0.01948562158199513,0.029911076524788333,0.023098951781735266,0.34946448036133176,0.06310855350526501,0.030622556763050233,0.0277039167286537,0.0229684111174374
304,0.034978372481283465,0.0308482712157178,0.023337319838431635,0.026073604464763367,0.04537751772802543,0.012179908777031567,0.026897814586081866,0.27365157267124446,0.017762535311515833,0.16099454126192134,0.12172358516570801,0.031297375797449005,0.02051874633312847,0.0179207575505777,0.020245295007156,0.0141503702353137,0.019972428799263,0.057986542613365166,0.017160914856821433,0.026922525305199868
305,0.09503964233510542,0.022519532066222103,0.03239988150569653,0.07124294772561643,0.03377931036487167,0.0527913077663874,0.056320471165124154,0.03733363344706853,0.03323935303392453,0.034381861155962035,0.0324941720741647,0.050955257700389466,0.13403779925495832,0.04746414273581437,0.0354434263661438,0.05793497007109213,0.05150401560565066,0.04219486998941207,0.047185191917699966,0.0317382137186948
306,0.08132901031320629,0.028539372590761034,0.023419429623063467,0.027032531983332136,0.0387445343007737,0.0649466925915423,0.04856533658628844,0.05028713999504877,0.010626749027801535,0.03232567352071137,0.03345801803735534,0.17755843475769617,0.0190070951436903,0.030822508403022267,0.033182494537877305,0.0662416604213725,0.10244418176804489,0.07973072033990196,0.022763614632450566,0.028974801426058665
307,0.052385921035262566,0.01805388317192243,0.10600344046119559,0.08167452803442476,0.040694285304674865,0.04946528308799153,0.0698994422967348,0.045027445360514666,0.022918795818120032,0.028838401715338604,0.04081218337239087,0.06966218483618086,0.005162091032246433,0.05908349137882343,0.03128044698760297,0.0799530678276002,0.06610853893089773,0.05425099346550313,0.021210318933380896,0.05751525694919266
308,0.030629411652848465,0.0190089289415499,0.027063872379094234,0.032953609071316,0.02531250932404387,0.025576675398448465,0.03427802488096703,0.02846924827260903,0.20782244059115096,0.11672595498103366,0.03723060741080656,0.031624930664430305,0.0177270771884602,0.018634884869661136,0.1553659957442489,0.02200993996117177,0.0639267829354017,0.05493108295249843,0.015257839091791264,0.0354501836884671
309,0.06039179332228271,0.04541379166557286,0.021571285368030133,0.04327506004279,0.020675735595876467,0.023032465055705432,0.02109526733365957,0.051844918958311594,0.031112798207832897,0.06850467613337824,0.0560346666827961,0.022016859998184733,0.3228343223393022,0.046380759548046,0.009241749891682832,0.014603635756272966,0.019704686716612435,0.0634840845200604,0.025091767417053133,0.0336896754465484
310,0.04042090956309543,0.042066745856332695,0.029021315719070902,0.025425184096381198,0.3503793787853963,0.029718490899955766,0.026407956247663334,0.02666975706824293,0.03481060069949154,0.060251124247530596,0.0243980025148206,0.023548782925756,0.016296056902597666,0.028063668251718268,0.024313646755206798,0.043325579109478096,0.025729060840039796,0.019081744267326534,0.057704576904866266,0.0723674183450283
311,0.017830956357776068,0.027964548232500202,0.033397336590692134,0.02407038003754987,0.018104546736584366,0.02852819568525587,0.05382616175473323,0.021859296485804466,0.04902020636426627,0.03265064559958224,0.047849783462489304,0.051630548748528536,0.020808680077004666,0.4061561788218857,0.019196888867843803,0.025351123689326866,0.039082336658049895,0.031211727978617734,0.019997748266065533,0.0314627095854424
312,0.0434527974927374,0.0370775292493385,0.021808376651604035,0.021830477885852868,0.017846391567774966,0.012871950002279831,0.10310986961277667,0.029727564847584233,0.04064291637515514,0.014148777038403467,0.023628818193244968,0.25500788322777057,0.014966518866424333,0.039977411939290365,0.028512129016057635,0.19200407036428402,0.03178450606530897,0.0235246448365805,0.022128684716906568,0.025948682050623968
313,0.019223339734425634,0.027296255173208234,0.017267356711777634,0.019336183887274334,0.0117644118288698,0.0216624347817813,0.013386966045300867,0.18923236541327138,0.024950845673583164,0.12708324597714907,0.07704611852256034,0.024389081024143066,0.015519868184184465,0.021926538036671762,0.02005200389260353,0.017009088128800833,0.050283262695108764,0.25380330461922473,0.033669613550082134,0.015097716119978165
314,0.07290253478852493,0.022611242769667066,0.05746411596814436,0.0247536649405464,0.0253015847920286,0.027913681627028165,0.19498696823640294,0.0226878988689575,0.016324356533707833,0.03210187098797086,0.023185412739130867,0.2715826838464,0.0357606326183831,0.024902550728666564,0.012862494765796298,0.035508041245235204,0.018868445408694635,0.011571670551194234,0.038457470151771,0.030252678431748434
315,0.048012147583731596,0.0122967150396383,0.008405717640045267,0.0143267912847442,0.030375191349491303,0.024015684316439998,0.058855958222497264,0.043594441182010474,0.09089034058027817,0.04672478721540901,0.06116744484463524,0.0132189189270223,0.13982109003598364,0.06138524147430823,0.11959487529580352,0.0572273402919333,0.060758482405956105,0.04246636154445734,0.0266270093614431,0.0402354614041707
316,0.08214841496929047,0.018558426845107834,0.05482244892792063,0.025100302672047936,0.0400217581939643,0.015448892394461131,0.07151995551054076,0.13221402371571442,0.025084747043168737,0.02503828568827877,0.052620420925419735,0.0338997265150281,0.0432414402046457,0.0877511639321919,0.024066308337383897,0.0122042408613404,0.0591628839988696,0.08836483117646393,0.0570031563146652,0.051728571773495664
317,0.08938549832068161,0.0233128382241839,0.011894354744975867,0.009190416613406234,0.055567023110518456,0.017846987574855165,0.08217299192565884,0.06299716243838092,0.017154103728697533,0.029495466921198598,0.0426991824987173,0.039969734805032166,0.0164455435288497,0.021697517921564102,0.0162932507011864,0.13530298853185252,0.20006373286973012,0.07057328460705149,0.023259785366057936,0.03467813556740013
318,0.018320917132308,0.0417241110587839,0.0183618723582418,0.019925489470801,0.1404023942328585,0.03882796005861407,0.04652447022025197,0.0363028332739588,0.021443678029765535,0.016417316923951934,0.027656198205910133,0.0237141421239923,0.020062595205736364,0.018456039285525198,0.0248227070563394,0.028387939137807,0.021960711489003536,0.04577523067317473,0.06139203986247277,0.32952135420050194
319,0.019162561370422035,0.021269594398005704,0.023605485544418534,0.03466854778175996,0.024253213428293934,0.4377264415723244,0.07331770194701667,0.0101094742130404,0.0156437913484511,0.025105003761620236,0.04626120836436346,0.02932649828548853,0.0257384608057441,0.0246602691055028,0.027209929702182334,0.028011185173911633,0.018255053185764866,0.0467231675054964,0.04312311127165006,0.02582930123454193
320,0.08704496809092128,0.006514196854058101,0.06716007620893587,0.032926137882355336,0.04995958458719057,0.039508797323360365,0.04052032099057997,0.0260028323115117,0.0711413224337093,0.038303051638163665,0.10873068349835201,0.100942251827652,0.024267404257238334,0.03127312504265987,0.07434619752320214,0.081413492573508,0.0446589656458549,0.025626644820570834,0.024497820176996834,0.025162126313178167
321,0.018534127186489967,0.30569548078678915,0.04114979297827917,0.029828062771592168,0.022470401245370933,0.0415808257502722,0.026867830726445135,0.026992190576645897,0.05187962358822803,0.0409305189625062,0.035011293857246335,0.030537395838130966,0.028341192139957266,0.0233666307872422,0.0091533097913777,0.13019647262915965,0.022959656942352736,0.02980110136619257,0.04296045258669473,0.041743639489026034
322,0.03451181679515943,0.033876462222859435,0.030239571964864233,0.01856153666449937,0.0277114513235376,0.06551525326281833,0.04109327552777107,0.022052679869855932,0.014328506368658367,0.03227261847208507,0.03282594823342607,0.0212486541106206,0.46184750874144326,0.03328454368443103,0.0181330552082257,0.0243864636697803,0.02788827303352437,0.019986001527095332,0.027614388303117965,0.012621991016225633
323,0.05301937160044783,0.008534462337796533,0.011284628828159435,0.015227141569019068,0.06181808809946784,0.011803282692222366,0.06344689352476403,0.06222029156405414,0.04672914477213506,0.07352744857721182,0.0390485972249381,0.030684965794698333,0.036363937661253336,0.049246875702605365,0.10594946952325336,0.04487003694745533,0.0810675285613034,0.0858109652897599,0.06788005390360476,0.05146681582584906
324,0.036290034342071335,0.032071206812633105,0.048433032727413804,0.040242089441563995,0.16254163454055678,0.02492316735820437,0.023529897027685164,0.020174058521947535,0.026339775763855638,0.02225925844064273,0.0184896315100842,0.03922016961095173,0.05323612521225096,0.021780574606227867,0.027522907878697465,0.016472289491630734,0.027356536697831,0.0218327939776523,0.03355495208775857,0.3037298639503397
325,0.0364100855835596,0.0222460445624489,0.0229931653672316,0.022049603693786602,0.0339503786340154,0.019165062098737067,0.023677182723332902,0.2266547047297506,0.023312122516984803,0.039037370720229635,0.02534842957470257,0.010111300116818734,0.020981093077105436,0.01715077539951203,0.022095189995191597,0.025817109697033967,0.027083893689214728,0.3274688815120999,0.0227342027417458,0.0317134035664971
326,0.023615638649287035,0.02217276429166773,0.0076453741415829675,0.027568969450876068,0.025817144954737203,0.009787575619743234,0.07805882927467717,0.05992473663969403,0.1223036034471568,0.05237972353441326,0.039538327113334,0.10378282383857583,0.030515257794530567,0.042732787515347,0.07906124489451416,0.03775039515716667,0.10013330794478557,0.07470599962029056,0.021696380040003432,0.0408091160776157
327,0.08193142183438883,0.022713872057853832,0.0198614439798625,0.012250351049571367,0.0522216398661309,0.012093735011118467,0.0718653981526709,0.0420395844300463,0.043430439250085696,0.08557970918268258,0.07420501075710184,0.014093214380136833,0.018029997039157603,0.14140463851775095,0.040038780444682474,0.07564676236539483,0.044295475027202304,0.060380884501094696,0.04891328895404303,0.0390043531990232
328,0.07029202268519354,0.02336946007454377,0.061052601024231996,0.039634283576473195,0.0162231868211923,0.0642780040921873,0.0330589129917685,0.017081540417688,0.07194460047679342,0.020242081824697934,0.046377957144717534,0.09117091063677817,0.07625546641295454,0.0760351538070549,0.07699637722055223,0.084345892906319,0.042216637675862596,0.028328478539137735,0.024864748083525134,0.036231683588327235
329,0.023455104744434834,0.019177963954020067,0.016343468431966934,0.017314871204407566,0.03441683058839107,0.02119309770317533,0.1370892939626163,0.025356603413132433,0.03864140989065964,0.010743900091501599,0.021610034549117235,0.0402906408073558,0.015039609135572868,0.05459850425038613,0.0144921744568796,0.20283253043308347,0.23945400451048374,0.01952966412172163,0.018859256233516433,0.029561037517576435
330,0.023115291066632297,0.018963782803676364,0.024145079182629,0.020266212491676067,0.0263774486900944,0.017320114198547332,0.0232385626836961,0.1670175568027669,0.011050904117098033,0.3567731688519237,0.0541888157960816,0.05427177091362684,0.0189510714743656,0.0370914471479051,0.0223232642688794,0.0247922777167069,0.013023354843526633,0.0416245285957536,0.022938813053396363,0.022526535301016934
331,0.034476019664990136,0.0301270923836553,0.01822525925704953,0.014499675158626968,0.018431631807283133,0.02362868776258457,0.018880706501589368,0.02519339136151827,0.21508888618840552,0.13631146399218289,0.0801973970004977,0.026053156980867798,0.029031976641860302,0.06801270063690544,0.10763347032151764,0.03468630562443827,0.031344821148002834,0.0337367318820389,0.0167798527133434,0.037660772972641136
332,0.016495256079426267,0.02556045955268026,0.03663733139265927,0.0330356757197947,0.08153049762182353,0.015832765356574564,0.02555604110885103,0.0502806461206477,0.020859317236185736,0.3481028338107019,0.060734980978042,0.021012546620476566,0.019555042770977634,0.03485594613539597,0.023512014854984168,0.029395325073332867,0.025287440771796565,0.03443064341712993,0.05552054296449627,0.04180469241402233
333,0.3712056749986301,0.04411877891572133,0.036169362268488804,0.04854445611075133,0.01687959704897087,0.02661260582008,0.03690623351164663,0.0270202499561611,0.013612502668611401,0.02752891152235463,0.024689007706609496,0.08501351387096989,0.0202494736457145,0.03576307909687767,0.0223807908452379,0.04758472310000777,0.0167916004809134,0.04295348793596576,0.028963862122988234,0.027012088373298267
334,0.041199077536947064,0.0403904574231155,0.012277760560378,0.016179443939497266,0.046450350217664936,0.0168401117054373,0.020851241252296367,0.05800257379171903,0.019456727155731764,0.12566433688600517,0.10773772804776642,0.02860920760614513,0.011571886172647332,0.05060785260568553,0.023905232732712434,0.028340757442661197,0.20111131952904418,0.09891945046690842,0.025892456513124603,0.025992028414511398
335,0.0321396691082941,0.012878123847210633,0.035414121992773696,0.044500592726591966,0.025221359817492402,0.42202951602227895,0.022903213560275068,0.031587036241475096,0.030895761876196665,0.010382115975177934,0.024054994839760268,0.0301985735012973,0.054212203179828465,0.03189740184929813,0.035090158439120604,0.02728982800267543,0.025887465863063033,0.0229000346128209,0.054234432338489603,0.0262833962058789
336,0.03478906609043493,0.031176181225969102,0.029092923533028767,0.019479479283746163,0.025796957313904134,0.014626306463688002,0.0122053560759414,0.024089215483523333,0.024692700784503963,0.04301149836681283,0.47653831039310107,0.018342574956745267,0.0156236756389226,0.049654352467932476,0.0071235849869510995,0.027229505299088397,0.056443530783322336,0.048420049349801035,0.025563540191782835,0.016101191310799266
337,0.036935373852751696,0.0095296090296305,0.0366514422918279,0.023162108968490868,0.0391288250891813,0.02666257907102663,0.03000988422835743,0.03543957693983204,0.11514491014241907,0.0641565511414628,0.02604244799325797,0.07653518996935633,0.026902082253782735,0.017693249188229232,0.31120810558951745,0.020853994250638566,0.0239199455143452,0.028540048954436265,0.0179949015239602,0.033489174007495036
338,0.028879328063128,0.024299785975089333,0.04835744662107636,0.017378637721544035,0.022209296637085933,0.025093889603396164,0.032819150058667305,0.05342492666200397,0.03399612968359286,0.024221271742838366,0.03572250994758593,0.46770049608987857,0.023220313406694504,0.030697296737504667,0.0194428861147436,0.0406635450724994,0.009594283854383366,0.016774416130253635,0.029524426236219103,0.015979963641813835
339,0.02585562776138293,0.04311248727207476,0.01568030788163803,0.020167608487011737,0.05211284301195627,0.007600077529651566,0.07125154319951181,0.07894514258033257,0.0800901999574955,0.07494883664526726,0.0681462540018631,0.061478767721665904,0.0080721291795783,0.03410296180615167,0.06844807795030981,0.05952961467928094,0.060641434568797094,0.098028066062602,0.03544579673638403,0.03634222296704381
340,0.0490575774185432,0.03131483308030363,0.007394141931961233,0.009183398082321234,0.022584944717463532,0.04405548609427667,0.09292524778779483,0.025628782471662736,0.13619920079682077,0.039002639503508,0.045519527822102966,0.0551138199859128,0.12075868778417147,0.07054853400098926,0.14775103543720916,0.027079824538767366,0.005450001124613933,0.03447100147135123,0.011273524263801432,0.02468779168642367
341,0.06588090690801957,0.0202357274912787,0.08391948749197693,0.1773278924853612,0.02669053345745843,0.06479758375056577,0.022597433804542235,0.02571911284861647,0.0312129118822442,0.015273377933429734,0.041801890895863,0.0259906616385943,0.05768480132061587,0.05904337933622523,0.02719660899512467,0.10074919517533003,0.06187389009073021,0.027726847651464267,0.029747044649403965,0.03453071219315414
342,0.05016347779890631,0.0256972731725589,0.005047459966219467,0.024061190978025535,0.060159450282471834,0.012541232019245766,0.06444060988059742,0.06398281765251433,0.1081455762023955,0.08642218306686517,0.04953084284556103,0.021093566830787735,0.037780053568379636,0.06592037277094202,0.10450631635372142,0.04242184097792467,0.060167524100974625,0.06260181496716057,0.010208325777272433,0.045108070787474565
343,0.07024046044958014,0.0135576020728942,0.038499933065676034,0.09660271692776363,0.04430066591485369,0.0402618157831817,0.03258297350308067,0.024334695242262065,0.060881745357610734,0.04042821896629523,0.03886646919956503,0.06829880796530553,0.0193647146890099,0.1240154789228058,0.061486130215544575,0.07848042436642792,0.0481325294562649,0.04545998111995927,0.038627377953968166,0.0155772588279499
344,0.07492302110461789,0.05645314828948094,0.04781337782668327,0.038324821261952934,0.07105994683462509,0.04176719466451519,0.03316597324376774,0.018125819844432667,0.0320094865300416,0.0303280937504545,0.04684657508382697,0.033647862660078465,0.0602587052659826,0.07765659468258478,0.018785925047686267,0.054766723198732,0.10332347611760324,0.07118349900611663,0.029412138565681336,0.060147617021134865
345,0.017452926896612066,0.032386259857286166,0.016429028431597336,0.030164476789073535,0.014315116269168635,0.02545935513950427,0.026615055972283298,0.06389092371810223,0.16928490301386034,0.017530596489478,0.03405742584086464,0.019241466281681233,0.020242049334708564,0.023945915010780198,0.3921888604571113,0.010345170999099334,0.024834815811057634,0.019530858030520234,0.025441004976938963,0.016643790680271067
346,0.11770175842566953,0.04726462773887357,0.0274671760258272,0.018822774774457363,0.041742627699446366,0.30176551546732205,0.0247717079422185,0.02990263773231513,0.026450036115658566,0.030876757385034037,0.03389900786468783,0.027214649649374967,0.025688569550242263,0.020374857140945432,0.03370256641379763,0.0337855272832912,0.040030108319170594,0.02066919262593357,0.06982804893897716,0.028041852906756034
347,0.07188006490770343,0.0399874252623471,0.017093231658536667,0.019652901767745666,0.10701772461236077,0.023920102138692802,0.028222297886175602,0.15431478862593226,0.026239803306709265,0.06759846659457366,0.11574548108462938,0.019364297201679297,0.0201556105575876,0.009593410015527,0.025903594471663568,0.0120003335509606,0.024378178302901368,0.17550885484704137,0.02055624178941193,0.02086719141781977
348,0.025737981276617704,0.033608160851370965,0.014219530916716133,0.023002279147607867,0.22801933249713247,0.022265445631306766,0.025313258747095335,0.18943517088935546,0.02275592286002907,0.13548633879749242,0.0446294210756765,0.023002726149825136,0.013228267191508367,0.0178037710313677,0.010422380789058399,0.025091512144272198,0.0213825793258265,0.05684361493447676,0.029824965515295603,0.03792734022796767
349,0.08637615422768723,0.049637690721177234,0.020850989675865395,0.016679784531877167,0.011747907889979634,0.14599033069197065,0.018638491102865865,0.014381950994125632,0.0737559309471697,0.05494788421524313,0.09200733043488991,0.03044560264315473,0.012528648239083368,0.05235336106280867,0.07447053386756847,0.11339054375960045,0.06410053220076184,0.021313606976186072,0.034052244335351096,0.012330481482632901
350,0.2300045206116255,0.05504524004548076,0.02369002575999647,0.025983644190424968,0.025139908428061897,0.055996372387886205,0.022961340052234398,0.024870747919380733,0.034300385197353726,0.0956907048383117,0.0909450792960425,0.017357260810714235,0.019526105589422665,0.04274442835579726,0.021142638288457402,0.11905774887074612,0.022939657179414333,0.021276799920290666,0.019906941413846097,0.031420450844511366
351,0.04882821777488137,0.0335720338320469,0.013534073943879866,0.013643348057135865,0.052881639776927426,0.02353946893098577,0.019858946009696232,0.18734286885820214,0.014034547497629134,0.11105782175909167,0.19262119904069083,0.04152783301448817,0.0161641729881238,0.0162294373851751,0.014237600313152432,0.021971890933734667,0.0310556709155629,0.08772602468143265,0.04315742687176677,0.017015777415395398
352,0.3428644995100729,0.021195496777756163,0.026789467323280237,0.029267544187671867,0.02122545913029647,0.0679362912127853,0.0391613583479158,0.0161091996758382,0.0217123516800556,0.010684050481597767,0.043078425707414825,0.03517859203894333,0.015140201892317734,0.029437014205351098,0.0236415347416512,0.09501162258627571,0.025300975493406902,0.05761298387859893,0.03348628756809243,0.04516664356067667
353,0.022336990604898434,0.0494992431014033,0.036776012898358634,0.017085085545440432,0.04191587317862807,0.36167496163051377,0.025738868118809266,0.018777429413848534,0.019275069524178966,0.05224515980623417,0.050520715292529,0.02240180875953063,0.033513141726438635,0.0537671831033378,0.026388148198871003,0.03902997010990916,0.010918665286738467,0.03920513316972173,0.03868337044562633,0.04024717008498257
354,0.0331049998874276,0.031103356628919433,0.0197051805194171,0.0528069014638416,0.33862506890683236,0.020335962264277,0.0201913015039329,0.04183861232952926,0.03846242330601613,0.021279429241415234,0.040542908895205766,0.03784498814499893,0.027359110275428065,0.0159934954458609,0.008290838598839367,0.0286211482300123,0.015690025255892033,0.036163476596900695,0.11355661041362526,0.05848416209162724
355,0.0358543944520757,0.0561442302157838,0.016344262298025932,0.013886941860243168,0.042511845116422864,0.009097787655910667,0.013530537945428333,0.27455237786907083,0.012140485743885467,0.14988537578982813,0.068979074385792,0.030658518670448703,0.023798311661295663,0.051329407168756065,0.014320605716659267,0.0239041127438363,0.026015711568669334,0.11349571174607724,0.009888600897764733,0.013661706494024801
356,0.035524571732700065,0.023518530731058366,0.0426952098275473,0.3412140603668408,0.04341226760081229,0.028475228554941168,0.04848365066361813,0.05689995955461987,0.039066415381098465,0.023065264742601833,0.03782664462180944,0.02815506103109087,0.03993629393337094,0.04473311532490517,0.030374885422014136,0.021215396645185066,0.028793656984193162,0.0318899317599087,0.018892646963266733,0.0358272081584164
357,0.010058394439121434,0.0060022910228732,0.015618201373011899,0.011834619424939366,0.06086598796924977,0.004747460508586533,0.13414898070957917,0.015252300468698835,0.023629910988435535,0.03260864376827766,0.020407828489925565,0.26984617905599656,0.0334254976231316,0.0760157491706801,0.002803131958664934,0.07588262163724292,0.06741026211176628,0.003847275106378667,0.0098525717821384,0.1257420923913007
358,0.032057374154124,0.044260614973164934,0.043249759233888165,0.042561977800638806,0.0293899747740462,0.35474091179516115,0.05073703069267857,0.043325806411411365,0.0271268785947851,0.02394464744288467,0.026632385122695196,0.02625056485046713,0.031023771021186097,0.04834764050331824,0.020804056653073933,0.04085924839754066,0.0478774443656802,0.02194170835409037,0.010929558088594934,0.03393864677056933
359,0.023174651838965665,0.04579069411817386,0.04365689335382026,0.030600897414748366,0.035004692953550666,0.024288126690121935,0.022358192197312266,0.038026095361507965,0.02553144617321987,0.02695422475267013,0.03630068951080953,0.03302293605019083,0.02845797715343387,0.05011346547586581,0.025285968722330934,0.02088664998845963,0.030398398985485967,0.022552419112750938,0.3835777287861238,0.05401785136045667
360,0.031456037748319295,0.05213006502141929,0.11899650546776504,0.11744264061589942,0.04842120511348919,0.020063656852434202,0.015507318695742468,0.035820245942259764,0.016891175235057367,0.05950251612385943,0.08100557034614136,0.0522925046211655,0.026398870389804267,0.0380962258973932,0.011153278450055766,0.055322439619958697,0.05892594244056127,0.052214646101592634,0.0226269896923251,0.08573216562475566
361,0.06649148320959183,0.13347418890313417,0.03086048986660603,0.0263539794928957,0.017337134903634532,0.23716965066976134,0.0315268242899365,0.0198322950213853,0.027406731652098698,0.028569522835906264,0.04905161829757384,0.0298427306659871,0.027380880819343867,0.035020838252148564,0.028750200157355535,0.052170810048620536,0.036410149988648166,0.0705818694289264,0.01888173785186963,0.03288686364457507
362,0.0189101616896024,0.0269986965796839,0.027230606057694267,0.0073904562130215,0.10885856035210496,0.002040745977864867,0.022102962862115435,0.03701498345198267,0.048287192025961025,0.22328137315924876,0.27748102456894064,0.02352682851117977,0.022200791035799767,0.023154505134244968,0.0154473735084692,0.04462267502055511,0.0221814620772619,0.015100003504406866,0.006496600499357001,0.027672997770503967
363,0.05433744788230497,0.08355006273746214,0.0143301697066864,0.035148161738808734,0.09077007293360706,0.0006400682514943666,0.040435689558033866,0.05893518277090467,0.060660604558940366,0.06904423766849203,0.0760272291599615,0.03490091289018343,0.005826458949674567,0.06290441184117633,0.037786421218559,0.048510078749441965,0.07369179919768497,0.05660983289886706,0.010506820120977168,0.08538433716673849
364,0.022584457630719434,0.041514592103265864,0.30135569699575454,0.08439525182373847,0.02412074676038073,0.009709600361554833,0.06153594431691071,0.03436957857371584,0.0197155775283754,0.018059117250583134,0.022658801995578366,0.07788910070418617,0.03952472516057947,0.02876448924047947,0.01629467807270577,0.04664863632907713,0.07002860470923561,0.0390773530773432,0.012115160960782334,0.029637886405032635
365,0.052420708001449,0.04971890350795946,0.05881619986880977,0.016637162541986102,0.022642509078696266,0.41153440128747976,0.025183782602632803,0.013809856087661934,0.014166006193643166,0.05155048681791003,0.04233309512169844,0.015900990995734065,0.030976113203375868,0.016767381804696332,0.023168953351892566,0.02756170775585327,0.023268331932277064,0.04377260288108179,0.03396863302500757,0.025802173940153866
366,0.0145028934604675,0.05459398562901783,0.04419473383430117,0.029448311659422133,0.0280115967175246,0.013098491911318467,0.02904241540082447,0.025809756078633533,0.025812114086666563,0.028543478753885732,0.041720689288223034,0.046451907270856796,0.030503157998380267,0.03246699206076356,0.016601815738115235,0.03803676824844617,0.0252101695406208,0.01027154242857,0.43909993167637057,0.026579248217590598
367,0.014394845430987633,0.037412918077737396,0.022841122090284133,0.008289378117800434,0.13515564311682374,0.003782584393793233,0.0426473013947066,0.0318589775917541,0.020947202971682035,0.055679659593627605,0.018288787700506466,0.0195212027573862,0.0144639868312862,0.03557434363350536,0.0186925884839057,0.019910174607289735,0.046293259781446994,0.015521517495353701,0.0129724974330075,0.42575200849711425
368,0.0631525324315127,0.044696838525662135,0.028767043036597332,0.04901541713132169,0.074383412974691,0.3600279823781696,0.01825514948232373,0.020235424155716233,0.03592504149005304,0.0297639572165509,0.011834623985428566,0.034093935890545164,0.015807581403018633,0.03858847719542564,0.0328426198014915,0.03559986753318256,0.008798273679890566,0.015305428094159468,0.03063794149119163,0.05226845210306707
369,0.016894663026460966,0.0176195027559506,0.012787163941388768,0.015503356914258767,0.270407679197366,0.007622447082284933,0.02595429483659747,0.021437944914830535,0.010119579717851466,0.022308852949484134,0.019829437379624268,0.013703209103630635,0.016173008451266634,0.0172299252508924,0.013439735193631766,0.08610013991113251,0.024834424281048498,0.027300664792238232,0.16721741783449773,0.19351655246556262
370,0.0363301900033086,0.03972025677919163,0.015985536772699933,0.03164943040101467,0.02060543920595123,0.0086040628835566,0.010537036388971834,0.05066528455025563,0.0791678061712248,0.03993139208220647,0.08906532373796978,0.03032591332674157,0.0137911550541785,0.12166295693520711,0.20771754820871582,0.029857723195117165,0.0253952160096286,0.03669132662935283,0.044500021264323536,0.06779638040038294
371,0.013699512278529266,0.028536422509763636,0.025527449030742198,0.018788024936067634,0.1140842137803773,0.010692941464446035,0.32950049496140926,0.056295430995548734,0.0150750067358768,0.027243045416032466,0.04090301105358567,0.039309540835475,0.015427161307014802,0.03916471879765183,0.016403809271194832,0.038930022688277666,0.016504739899632467,0.03937678123195887,0.022624702810893668,0.09191296999552086
372,0.05504303132039857,0.0340789072452968,0.035007768752479136,0.10656261415194752,0.057830046523503535,0.0089196023796844,0.05016046098336933,0.0604808744522645,0.03424894544708653,0.07576824924863601,0.06154408638147953,0.0032495880308482,0.0025773543099461,0.06895245430635827,0.022928107106370898,0.044923029046762035,0.0551673003402923,0.05263913038957554,0.09836322244637886,0.07155522713732103
373,0.022528176287745134,0.06299445433422603,0.0303436052678011,0.0185349256179486,0.03751320508725226,0.040021383138439864,0.030984348665496365,0.019221053305552797,0.0449849145977362,0.02997613463165483,0.027519338206915902,0.40392933004158055,0.0240322773960029,0.0335106772557452,0.014874953900156267,0.034634212113528635,0.037020073303579835,0.019547210446133067,0.022443000245654335,0.0453867261568493
374,0.06837418457208203,0.0495721745929317,0.04517843757180263,0.053904102433096235,0.0551753102426904,0.06453684499935443,0.05123022660687817,0.044778898752027806,0.009732580795558268,0.0659250086859786,0.06027678492602414,0.05981220989016217,0.0247589113902901,0.04960666680104416,0.011282153032489667,0.06698270797730703,0.03999621207136159,0.057031801598513766,0.026053355738982164,0.09579142732142387
375,0.025418053033624932,0.0207572995992639,0.16942089986374828,0.22646930269184515,0.0542682071977676,0.0171106392493377,0.030103409857423966,0.020062705391852165,0.014209849292668301,0.030670171257050034,0.062250078295171964,0.03521959680984347,0.009522557005591566,0.13656786570394194,0.023051959590450467,0.0082814482715682,0.008617083460823934,0.0260950536444766,0.042231569710685,0.039672250072863936
376,0.020079858580090464,0.020201441828255503,0.04065151752150773,0.03352377536948693,0.0447161055072772,0.41760686414191533,0.023504605157572134,0.016371673193172967,0.015407352009218599,0.03154268397150837,0.0220903238371018,0.034032799845865366,0.018665755124716632,0.03337666999725093,0.0979799745160212,0.024163411644029433,0.03208980422619487,0.021189282885067134,0.0330125142570798,0.0197935863866667
377,0.0527707870814568,0.007221769941197167,0.022194484567686936,0.03207402065232464,0.06937342731486616,0.030771151851881468,0.0536543481356489,0.07115063011990663,0.049402515539071,0.05592275826843416,0.047250479310627,0.03664683129601057,0.013507063986690833,0.05662625703952227,0.0638530722106737,0.08982727637693726,0.06343327578335917,0.06064683345703873,0.059110191063218,0.06456282600344777
378,0.0293523465000317,0.021953693163426435,0.015357635794302734,0.025615702863770434,0.03549961150443253,0.4030236012608856,0.033393799253906,0.020659826693418867,0.01712050167173663,0.0391236649363277,0.034317785571916365,0.023305257224269668,0.0309712350376959,0.03776270138207754,0.035041946880493766,0.0290320391722463,0.020478929019178166,0.05713692665930156,0.047531438436685565,0.043321356973895574
379,0.0313543988543388,0.019270881101530968,0.0316018947459213,0.12284292409240305,0.06106081889043563,0.0160246960305312,0.04103648461898283,0.03856657050559287,0.022933314058562804,0.0270498204927911,0.12966683263956696,0.011135073528820066,0.006195763143813866,0.1555160616144777,0.009653132674552567,0.04425874779653086,0.11081245346268864,0.017408795108595634,0.0291566966446126,0.0744546399952495
380,0.24345381818268094,0.05175192368011803,0.05723754221325574,0.0410683393230937,0.03424454795290847,0.018043311940000865,0.023860167975124066,0.0234004357265232,0.016875042405913167,0.034683950196243735,0.020807002141555734,0.016437469348054966,0.014896933785672766,0.018328173797056733,0.028085202967056532,0.10327002471828567,0.05783857362408747,0.15233528373893132,0.02678337933141813,0.016598876952017866
381,0.2826752014117666,0.04172782642987816,0.014612816816040666,0.03167065934280303,0.0208969790578681,0.0321022122997368,0.031170666176028566,0.02179852787015803,0.021336314442364866,0.0221763447353428,0.025253624775911466,0.02250548382809887,0.06364882045333897,0.1533465519302815,0.010623352458845,0.10313044118396147,0.028772278519699435,0.022722078056945132,0.010712507399584565,0.039117312811345034
382,0.057927268833791866,0.05266633747441964,0.3382421885713705,0.08877997946240361,0.009413140083890733,0.018364410444659265,0.04189324829229663,0.031319476427866595,0.025356801700172432,0.017146281199413433,0.016638577588574333,0.04489184222183586,0.012079567367896333,0.035130106584139065,0.020125143391638702,0.0730974118281605,0.01617893486970767,0.06357976664115043,0.016250605169752966,0.020918911846858363
383,0.06983260274196379,0.014702885110567767,0.009675811280422567,0.04402070096641989,0.041222374787930297,0.010176455467581733,0.056991426244615166,0.06194483992519093,0.061244603319163295,0.08096363218681257,0.08421055971537961,0.010739331191306567,0.0103478634081518,0.09701725329472784,0.07800387987762623,0.026586449798239,0.023813783742638834,0.07355725637398973,0.08621148434088984,0.058736806226381576
384,0.05224342446202263,0.019241848611930932,0.055517227603477236,0.05718177034957134,0.03686934519732437,0.057681922609431564,0.04304827378346449,0.0392327169757975,0.06092186078431524,0.04482230331418224,0.06900736758446263,0.0130458683118031,0.06611265194103344,0.06048903865551856,0.05869912961196174,0.060467896670661304,0.06331717494213653,0.0698236946775637,0.04008654539369733,0.03218993851964334
385,0.11037220527714083,0.046179686377697836,0.034468009907628966,0.030122302188455335,0.016512770396730634,0.01978882471153377,0.08160664702254504,0.031150149781083467,0.014491831879648934,0.03334574678115743,0.013703468221914266,0.046333996155030734,0.010053860737606198,0.016993354569930934,0.03215938922104186,0.20311970866572823,0.16207022597691612,0.05252207230601,0.018482346828106067,0.026523402994092504
386,0.022035524283624233,0.023599375701331766,0.016585559778298502,0.0320893033679331,0.016419844732513764,0.03316486309780373,0.015224510976434832,0.0362804882451928,0.016279573812921333,0.05283739013375377,0.0448229034605884,0.0290109333882569,0.02011598745879663,0.024831269550013167,0.02587126244273037,0.12050820774079363,0.29707750355199475,0.10319610065318559,0.04155179002960837,0.028497607594223432
387,0.08940525162835407,0.011803262035100534,0.061251105037487104,0.04874544044421563,0.0168761426926387,0.029968853215485602,0.013379383879067867,0.031486357026118635,0.05247560419982147,0.0198158182248924,0.04949137062257203,0.088512158843007,0.005167825031048266,0.15879899350642815,0.0701994777607075,0.11054997203084198,0.05742203721732633,0.052872779051603036,0.016376914064671667,0.015401253488611134
388,0.05962206799850006,0.033618993113166996,0.030867748295835634,0.06919080081729062,0.04601996580675,0.023577549982328732,0.05421118508949587,0.023509707278615666,0.0454278382887926,0.0358992654838857,0.0570805243051565,0.10479104338638112,0.005841807436285467,0.07438389083658016,0.0577602257558435,0.08413059905769056,0.0578178507843664,0.029165909898382497,0.05421952391011977,0.05286350247453126
389,0.1855833504459203,0.08887600258291896,0.036649961153677364,0.017674809335222967,0.014686303561497633,0.019689646594130198,0.0276605295047961,0.08547749682345762,0.022879518512346767,0.021635990382503634,0.02126579640851453,0.017605430290540933,0.0242668517535858,0.0316468198076674,0.0158368907328525,0.1323195315529737,0.09623214477926743,0.10623821711147692,0.0194805145091499,0.0142941941574984
390,0.0447089476159275,0.014186622176948166,0.0094048682736523,0.0388377141190949,0.030924133235052966,0.008483658025732766,0.0640623231642359,0.08113859515660336,0.030935069124021136,0.0700320588685784,0.10108700625442907,0.016379984176271633,0.0058881333187568,0.08318118153691113,0.1316139446267858,0.04394630754372506,0.04952373544523514,0.09106872114397642,0.046136545795248264,0.03846045039881237
391,0.03993351165103926,0.019201409051902034,0.10730375713284938,0.06812262636101175,0.024121356140167066,0.061251193168546374,0.058694618071017966,0.0145391350180933,0.0423282326702731,0.015222685085307532,0.040770673000033335,0.0892518540061465,0.009357481704398334,0.11239686943501383,0.032252106648747066,0.097340106800431,0.09102875704045714,0.0230408024786574,0.0207001683294171,0.03314265620648957
392,0.06855366832732651,0.038230348968700034,0.0089880256245044,0.04429927066275916,0.028504902480016966,0.0699553525916307,0.06353099747192914,0.06815143885241276,0.06733523529576273,0.0559925035030677,0.058405350529167566,0.034109471956965336,0.007588924227409634,0.09682653265672365,0.026068308973078633,0.05185348128156939,0.050112264920594264,0.0878773377313506,0.0288478921682537,0.044768691776776094
393,0.0127188179782545,0.0509857486422313,0.013271817176099966,0.0385523825849898,0.0192727779461795,0.0367170668198211,0.0103386721988652,0.2551467155012591,0.0166736766006914,0.10217276386256703,0.0852008473015158,0.026311960328955733,0.048566860151149,0.016933190082474903,0.0086459080986359,0.021879602479284634,0.018498426874341934,0.1868824779109597,0.0164600761066906,0.014770211355031933
394,0.0737381886537928,0.023422071520867668,0.10107308892113802,0.06140205312318887,0.0172832393735642,0.08923326183012292,0.06351100979859924,0.019945742653563733,0.03577324143672047,0.011151735143276465,0.020611491379777535,0.10883063262691434,0.021903503235520098,0.06082653912117583,0.050082996998346035,0.10477818228841727,0.043078298448722165,0.019032577928740666,0.0393439553035822,0.03497819021396854
395,0.031966721492686666,0.0235221746868671,0.0818359353521532,0.05154631068546694,0.0207656914031335,0.0971283796694935,0.04813821353886636,0.03367876690325194,0.0725908236802645,0.029399594805823867,0.058292476306569474,0.052868889488248895,0.05001473824799737,0.044140577150028,0.0364827732629606,0.0413887751506597,0.07062482413881123,0.07955685391782996,0.04350389017037746,0.03255358994850897
396,0.08591266829265716,0.04891231846805836,0.0588348478737141,0.024690124653964834,0.0133626150729021,0.09916711373655557,0.0316352572503246,0.0226929690742152,0.1751589700749583,0.027122238169109598,0.029598538008358332,0.12176823867881857,0.010698981482313233,0.0715849024636604,0.0347882639028352,0.033739669256294035,0.023132279090451166,0.03499417161136853,0.032999699298642465,0.0192061335407973
397,0.028460265735990132,0.03166230638579503,0.020144970016396032,0.019251223525248332,0.095592345702409,0.015291798279287566,0.040459591702916034,0.06340383720996219,0.02671536177922937,0.13489292805677733,0.07530718100582569,0.02894997072391603,0.010541258859767533,0.028967950350009,0.038670250066000604,0.022266170031649535,0.024928601550756466,0.14505299297198884,0.05444724803333797,0.0949937480127364
398,0.04561410163223703,0.0268862380026124,0.08787373898038964,0.04803997189793043,0.027414260598540064,0.1113889522204864,0.03517182769700003,0.024680379603850833,0.0495159008915196,0.02625128660719417,0.034723484282816734,0.11146402214897844,0.018718987012889134,0.0293802270249104,0.06146652232213453,0.09674643379505495,0.0630000911514768,0.0305455063417467,0.029539770147592365,0.04157829764063856
399,0.06957999555238503,0.015724126070285668,0.0227753972530052,0.0230767162067631,0.0068808933369239,0.053790394641215995,0.0643909295607768,0.0359172373482965,0.06965748208549359,0.031959192386865835,0.06620370849471872,0.08063213853884327,0.0167736681042424,0.042717385988607866,0.12002441246153206,0.12360149638096833,0.08236009471715773,0.03008123719734873,0.02585793311357223,0.017995560560996
400,0.020374746332273166,0.0174013615044251,0.020633124216530067,0.012605774240828134,0.1176239388366092,0.009507224835230733,0.054823840063793566,0.09864913663878973,0.023721327918752835,0.18260229557921245,0.06278145322056423,0.009441832940843567,0.010287607030742099,0.010745309980996667,0.0169638949486601,0.008127808142224633,0.02542239902487407,0.17096835389827855,0.0752669277854885,0.0520516428608817
401,0.045594959223056265,0.019534052531716334,0.014876632338377568,0.05925249124550766,0.04654933367414119,0.0177907222829819,0.017562328147741,0.14560298188240314,0.031159886696899234,0.07149771504197223,0.07416067933913277,0.022451608986405597,0.0085351321709705,0.036492639595957936,0.021770693618869002,0.0329383245320813,0.09832661037435231,0.17550390358819498,0.0130302073372651,0.0473690973919732
402,0.0300874616306533,0.069674094574826,0.05887147294959096,0.035640973303816666,0.05196469241233633,0.07458936818040383,0.07956726929036333,0.03166911616407436,0.04105740109883094,0.03518599761000867,0.0312159190662795,0.0658628170174541,0.07098610161252795,0.0424489294407463,0.027908764654414168,0.04545388999859153,0.04297194643664984,0.06365965372334763,0.06234452215821243,0.03883960867687117
403,0.06184612958002934,0.012863611903320601,0.0550449896232702,0.037431049231805506,0.0089265153372423,0.0387120403932158,0.05554910506047626,0.008807474828118467,0.12799788764098455,0.0166617063572501,0.031192602770912597,0.07204082962402973,0.019270381996279267,0.07751034364807306,0.10810881683708973,0.048983839789774775,0.11920545225212616,0.0496443361367713,0.023136234548226966,0.027066652441002398
404,0.09667697630032557,0.0341396502861989,0.03417110111206867,0.0569412737192914,0.011708825700027134,0.09518355866073076,0.0340417257674959,0.024317367584516966,0.055641372980888566,0.021715573557708732,0.03907140629467883,0.0335639276898588,0.0438255692653424,0.0462195691389243,0.0319794920622594,0.0878018046079152,0.11141975166747807,0.0481815575398532,0.021244196653474934,0.07215529941096147
405,0.03640784229527217,0.013681392492518233,0.10408700600562854,0.05606222717667166,0.008594115202240333,0.08690215231357785,0.04633860088716133,0.0205980552828372,0.036140623404514134,0.03126960024662313,0.033830657552796566,0.1660547005374645,0.010078906312716665,0.0827906889113455,0.0360942342423866,0.11042019628731257,0.07996811076538353,0.0153777864371313,0.012687190898978934,0.0126159127474383
406,0.06145545542208356,0.0238714188141162,0.09150614372967247,0.0783221916564731,0.04249385099899607,0.023554975254796436,0.0412496692611553,0.051587202295506,0.028636920934478467,0.043568158477878434,0.043044398847086836,0.03334478365758203,0.05604083545833067,0.0938121912391661,0.03042199725546507,0.08682154746818381,0.05929140303795627,0.041651625524894605,0.02440965301868057,0.04491557764749713
407,0.044612454159656,0.03342269264726597,0.022574501647361633,0.06662423664194933,0.0200618308551986,0.04358531197933737,0.0739491776553476,0.0308777721793915,0.12281581028615125,0.04299088448984187,0.06725190796593947,0.15101169148429597,0.010053968110843166,0.09132933315913354,0.05650841295416583,0.013381653196991033,0.023445364979078665,0.040666194134112994,0.0099959856232791,0.03484081585065823
408,0.04938202087027654,0.022328958381878133,0.03758175407460463,0.013351678870918933,0.16572436094745555,0.017979688404074167,0.041057460628846604,0.0568389141491601,0.02729948051529643,0.029790811229956266,0.05016547813637957,0.042983459597084495,0.03152751292970107,0.0331644228453547,0.015330666686099568,0.08568754312556649,0.0252666524348957,0.02114775857918763,0.05982015790622147,0.17357121968704106
409,0.03461875620416666,0.03926254229784863,0.027008010465804533,0.0175872881143987,0.04629255525422069,0.04442492624725337,0.22628535804829752,0.034128514705399966,0.059683783364328065,0.03205548006056663,0.0360793255629891,0.04989889961853603,0.026175795597521798,0.060198859308882136,0.051124865485927935,0.043228030142236896,0.03030799468149133,0.045153932921972596,0.04877234936857283,0.04771273254958367
410,0.0915541195281553,0.014338469738137934,0.027542347302756533,0.10465092714034208,0.019031950503932433,0.06628464013908504,0.061642229113756164,0.0138540399711451,0.052127173973729866,0.014640278278003634,0.04428933539148807,0.05347313518948019,0.015702525130080903,0.14166880158456252,0.016275247221454733,0.10434729948178934,0.0720843956794567,0.033393992461330894,0.03139766222464147,0.021701429946670167
411,0.037290179779257,0.0449418208595683,0.02235888216124107,0.022487273778622266,0.03168480787413467,0.027962526903555534,0.033812623099665505,0.29187397962399314,0.020209524582678464,0.0616515952978433,0.06719035646705084,0.04322489254299863,0.03556112758782246,0.029031195479352165,0.03661509392662873,0.023921163218823135,0.029956572401195935,0.059261615952864166,0.050200434293967304,0.0307643341687364
412,0.030091399830614266,0.022880699492378198,0.04615187546531057,0.303366684645107,0.027936043317968565,0.05509111758630133,0.060606483555968475,0.039137350568725394,0.026558257934698765,0.015031759616111402,0.030746741890479934,0.057313534671128104,0.0388193254944463,0.0628939261225058,0.013213594435906367,0.025243318867481535,0.024843411836543965,0.0462830218857996,0.042536612849495566,0.03125483993302797
413,0.042625825353897834,0.019961231323306364,0.0657827400182624,0.021797853452146503,0.01667370909893137,0.033266413641675104,0.0491309861344749,0.042551720208450904,0.23946973375307304,0.04172517336477377,0.03457716563426256,0.026258627993574767,0.040305600796505,0.060521901786662974,0.046490718719065904,0.095037352813015,0.030435108283358835,0.0280275510114813,0.04775227107720494,0.01760831553587557
414,0.05720172577952353,0.022483880424160035,0.09988203373809836,0.16526384523523577,0.025739762149455434,0.040754950668252736,0.03877684172685967,0.0308897552792264,0.06343396205811282,0.03964703255764376,0.03674314437696193,0.029269706693508767,0.012925094618194334,0.049866688772497704,0.016151195969008065,0.06397322005125707,0.05764631315114516,0.05191878074894437,0.04308586057245187,0.054346205429461336
415,0.05273669963691737,0.019169130186848366,0.07314666546499676,0.09778635135325746,0.15103788848694943,0.0249867474142003,0.06699542577196933,0.018730638801568132,0.021150133142579065,0.024282659320122166,0.03700767646328696,0.030264271929649433,0.04586026152423677,0.03775751111217263,0.01723676906806097,0.0476486027077511,0.0384724671832499,0.0274628361498791,0.0868709558540726,0.08139630842823137
416,0.049609230487610935,0.04415201710196134,0.09607340144792453,0.0643864165601008,0.027740936631953133,0.0674616795164549,0.058806497950915304,0.04819602868645826,0.020313415190776535,0.054738382278516906,0.04313787826526164,0.027856898423477505,0.03958746708484533,0.02948486913938317,0.034250047791967934,0.06227938272961727,0.0757866834474926,0.055242695404077065,0.025665074081332003,0.07523099777987184
417,0.0211850195208319,0.0232682225888554,0.036174485755932566,0.07903198466225743,0.07192146683045074,0.037021475240164865,0.02468822392375933,0.09766220431387664,0.041373357124183566,0.042068516737849636,0.04865923552042276,0.070191679445945,0.019361146891915766,0.07914991606406974,0.027949634426251032,0.06965962410218657,0.057691412625085335,0.05161036588652149,0.04552217525085559,0.05580985308858383
418,0.0452592637409876,0.017130595120114268,0.027569294772937566,0.03834286894216033,0.07154857073025388,0.018103114026402668,0.06494867160843933,0.05963215514085296,0.0468419191700682,0.0457623428308143,0.059974161275141304,0.0516908840117662,0.0366986736628929,0.05011252356108414,0.06821470168089759,0.04970593689316236,0.06780626262235841,0.09298769091216874,0.055568918670181496,0.03210145062731493
419,0.10424376537315623,0.016235968721789836,0.0247497565945009,0.16455784291411607,0.027169202924199037,0.0363780904650756,0.04568875868414137,0.039784023377336226,0.04910612072876127,0.022122628003535136,0.06055817631948027,0.06304506989194683,0.028610031286457668,0.08543974821871453,0.023103581586081934,0.0554800842795617,0.045762243947529126,0.0369694086408748,0.027357143033074266,0.043638355009666265
420,0.019404377095042568,0.01601776263238627,0.0360428517734002,0.04066514378937987,0.039134429221701066,0.16870473499065816,0.041140226480522034,0.05203267546690183,0.023422782082114565,0.03366841223823127,0.0320462923583576,0.07046350913656717,0.07229504162875727,0.026989192983941302,0.03661129158538253,0.047086413876991105,0.040266847016530695,0.11558051372444252,0.05772040578210987,0.030707096136581197
421,0.0281300102282168,0.2020843970720343,0.026777207771699535,0.033553004001377,0.021971201025583368,0.05020140577582127,0.03336097716508293,0.043469488711331904,0.035877157181078,0.027478429118783603,0.04224752708009274,0.021529502059958665,0.03147672050300427,0.03306412882682496,0.17499578517271855,0.0275984700136763,0.056507406074642406,0.03932719255184584,0.043692143800303535,0.026657845865923267
422,0.033922379972312504,0.0221739685978958,0.0238890845320705,0.0435905451266994,0.033032826989360366,0.010705567579890165,0.0191614470048546,0.1382631285640629,0.0101825477981343,0.0700434706642956,0.07971376743366464,0.02938383355544937,0.03664569035845213,0.12176933956960011,0.018267331161113568,0.03130451062543787,0.0737445661127691,0.09387218965785014,0.050209096293544364,0.06012470840254169
423,0.07764279676264325,0.041573865212177236,0.023991623690570132,0.04595459318106363,0.036360838645977105,0.05080641208548333,0.029386885167964564,0.034213273258584066,0.04660725758776813,0.024475808960057337,0.08516581513525473,0.029096557825977764,0.021090261779190333,0.20340150771041265,0.014883393670691733,0.04992870453752913,0.0539606711193312,0.05386181738269124,0.04528738741870597,0.032310528867925396
424,0.028634080429192035,0.02212238539235993,0.2029096007079614,0.07636916907460767,0.052249739377321726,0.037063041280624764,0.0256510419543752,0.05676880572863271,0.02482849027436727,0.0442286769573231,0.0313710682258235,0.0448728343858405,0.025690635984228664,0.05772964343702234,0.027904735280574633,0.045917234270919656,0.07224110307486299,0.030023831734861398,0.04386340797021987,0.0495604744588797
425,0.02093417578634303,0.0176986080700039,0.011939530828591333,0.023119176782294703,0.0169228452851241,0.011096885452964,0.019485853549693434,0.18513015952870981,0.0113783111586718,0.16463026814194007,0.06531870079902208,0.20266424147968765,0.007742741871751134,0.027378237251540632,0.013031485138343867,0.015700002058793534,0.015028267718037334,0.1360648331687677,0.0237885365856302,0.010947139344088799
426,0.037237795542121,0.023831426027918667,0.032267260049252566,0.24591601106570085,0.03561757600379994,0.032610316271211,0.03303342701586903,0.08484565553701943,0.028382855239252366,0.0120917101052308,0.1678124542979443,0.040883544660913006,0.022375127927734,0.013507882078901634,0.018488196801730333,0.03403415957140053,0.044629992863559204,0.0458987893948739,0.022131105807300735,0.0244047137382658
427,0.0383040964085725,0.07313677806490373,0.03056295571161473,0.06466683729225607,0.03283390462940767,0.028472213098989934,0.030091587320329266,0.026269222644958196,0.09968628343091195,0.06525210707836267,0.028094424753134135,0.07124334834626313,0.01645805689600143,0.0783021846838731,0.0781762647073564,0.05265259546271833,0.07794497535305113,0.0377819725373286,0.025611214767019663,0.04445897681294623
428,0.05158068169528333,0.040311431857449065,0.04804958468734783,0.03685865785523363,0.029834883219193097,0.022385936715586235,0.034306430274039804,0.027442927574258934,0.026821616864731463,0.045561977132012633,0.0897990957988193,0.056150671912648865,0.0150022727896469,0.0214232728301381,0.09389396536853895,0.022836915354931635,0.039633673345683865,0.022795023933962735,0.028416737261689102,0.2468942435288037
429,0.017484383338379567,0.04423834811408284,0.015252614148784933,0.017878547787866867,0.03623696618023367,0.018926801883806667,0.026489132100607066,0.1319941483340556,0.023080914333786767,0.03194341858053707,0.09658721642897379,0.16652058123831034,0.0160429606939853,0.03233508308226333,0.018186767424413098,0.0178141880270255,0.1260203377214358,0.11915991393437131,0.021687989372237603,0.022119687274841968
430,0.025123691982594967,0.03315691423221807,0.05347545546711927,0.27761644546917047,0.022780664068655365,0.06512636063613518,0.018371035985801264,0.0486631873248905,0.024768822226676434,0.041458201963280567,0.05628894760061123,0.04222891771247273,0.0190433130885559,0.04360391850202557,0.019464947126178703,0.043270798047234306,0.0468531740041942,0.030526434603790665,0.0265188681471008,0.061659901811292966
431,0.046000330942943,0.017165912667867666,0.23089815384145954,0.07723206280479543,0.015980809166900967,0.11519358006892157,0.02329103437812467,0.036597257761932865,0.036125448118944165,0.016768765456969235,0.034423331665609964,0.05704374226776764,0.0176297375027928,0.035152203836676464,0.020212725930279934,0.0550087675833979,0.07413355120034336,0.02439282845951547,0.020500870885300698,0.04624888545945587
432,0.08054878862510056,0.06315398185975886,0.0375909252244802,0.09621682620486227,0.027957710979641465,0.022639988548468565,0.03777145635109717,0.027222493665203035,0.0126351968039956,0.0375028939366182,0.06706652350089466,0.028172265156829263,0.03794207560719967,0.03951881585186403,0.011478169652789935,0.11746583199828364,0.14490440076409614,0.056117938369551666,0.013303356447472332,0.0407903604517918
433,0.05756508724786933,0.0237703450599126,0.027352353066770734,0.03867818759595253,0.0472483397205982,0.04412954959963989,0.0358255702503848,0.028390169547680432,0.17805381013048824,0.02627264513167817,0.04062995243487524,0.058393667462836425,0.009105425916679533,0.0423154955092632,0.04645484767557734,0.050821466011632434,0.0751478963033751,0.07163556742742129,0.0274395063832126,0.07077011752415106
434,0.06282070049359023,0.026831050597226864,0.06361874429122599,0.04409262529417434,0.0166902910123236,0.024996128860349867,0.026080687699636965,0.18534238620340251,0.030326312430731767,0.061591047356131225,0.0475165246512901,0.05178924207706087,0.010651708282277766,0.04811695501971772,0.015903019820890398,0.040524166001583366,0.0825995082109342,0.08767179543612047,0.04235460306354116,0.0304825031977897
435,0.06478780503469533,0.04178213882392523,0.2919609616405092,0.12357199605185903,0.026252182700248334,0.043319112704160424,0.025279717824318936,0.0275663058301631,0.021667598195340403,0.0182042969204922,0.0319577439406506,0.06417101267985273,0.013922736022114801,0.024107180715806305,0.0253396078400122,0.05391448033824686,0.04493802265082486,0.022871130070166865,0.014102009265357632,0.020283960751254035
436,0.03125456761005473,0.027371557757186766,0.021112616637369467,0.020363024357641566,0.05348784444972501,0.015647759887747133,0.017651943550628563,0.16366860487286122,0.014279550239169367,0.2212534054217675,0.10286223400894356,0.0195603891448944,0.02496155186363627,0.07351972784359627,0.025213775244915002,0.027107410928113532,0.026963832974392532,0.07533062794143656,0.025912854612426265,0.012476720653493334
437,0.024661642374227435,0.0383409329201267,0.0246538169752053,0.031709869161130534,0.04187087259391367,0.05502929579987494,0.0390373954601222,0.03676906036970404,0.03348927306578176,0.04952980823836347,0.043037024907511164,0.0442712151759225,0.02292364842127567,0.04338757645304706,0.0367779430206182,0.0330636245779666,0.03827120138935074,0.023416896710116365,0.31244627417369886,0.027312628212041834
438,0.010981582609857066,0.05075887922928963,0.0459208237289691,0.0423563286073649,0.021477847164707266,0.025103203361988968,0.0393878090499501,0.02655546084178433,0.06256116148875462,0.03188638306839887,0.04893622019195729,0.04557662648029084,0.0268061650041998,0.035083385164515736,0.030238241492624603,0.2998593243559919,0.0670444973809381,0.0168924758597938,0.045201699714508735,0.027371885204113433
439,0.07581638781513943,0.027250616763300133,0.022556894018038034,0.030568275236777003,0.10714233944350637,0.0161098738789547,0.04643329602687566,0.023360156113578764,0.11628750578629389,0.057293042360882396,0.03154844454534796,0.04746199387353076,0.0191106863865743,0.042328603970743,0.027307150616121833,0.01873965285241967,0.022938386772774804,0.0195703188329485,0.03580190826098357,0.21237446644520838
440,0.0209953170858103,0.0673416593004902,0.027105708419156434,0.05882453751062083,0.05620542494456173,0.0305550795991489,0.033889463922372666,0.046697266648980135,0.0307912667100619,0.08384721680395586,0.03364554630810313,0.24793402149789556,0.019888265176100164,0.06598925955274657,0.017923707231864264,0.051285737810764835,0.023305471981614034,0.03387905703811903,0.019005223437971137,0.030890769019661233
441,0.32623303175243085,0.06998300267863987,0.014822181845774933,0.0344451764732515,0.0204258348531076,0.020773564531368503,0.05024980792282257,0.02916483408527093,0.05429774265579843,0.042433861462994105,0.0382891342119399,0.020034707488654935,0.022342101361051667,0.024574563299574432,0.032879777499449536,0.042338673380324994,0.024595614532910037,0.06808960763422094,0.0278644186058888,0.036162363724524464
442,0.03675211680214783,0.010527473144164634,0.1543514981605807,0.24775196593973506,0.0551474452429255,0.0808437504325434,0.020602308077814734,0.023041758616416302,0.027688744421336065,0.007992335668660566,0.04671879725114109,0.04874610346914154,0.01724531015054223,0.04201838674070597,0.0167142243290085,0.016943972031830134,0.029493311635252966,0.0259589285101076,0.04450389046991863,0.0469576789060257
443,0.03287088376474893,0.0699852657987674,0.014457213627131767,0.015029963097565166,0.0615258334208702,0.014121506868526366,0.029331050184529833,0.05399930903664276,0.015654172252864033,0.1642582184438834,0.08704884027301409,0.028179281680725032,0.017572230666406133,0.09413472787362291,0.021234615885227834,0.020414917769106367,0.08427592315974976,0.10089347734307917,0.05007015872818069,0.024942410125357334
444,0.09227120971627543,0.024869555574109664,0.01587084200804303,0.0404583366762298,0.053220496403373264,0.014657565082118533,0.019492003509092633,0.14505648304554727,0.012775203988467867,0.16126758035090005,0.08822652063312265,0.014929155715420167,0.009293414695225,0.07041883614099223,0.015371390881237233,0.0257759175505806,0.02927501695362017,0.06740414535652524,0.04645962155608143,0.0529067041630367
445,0.02109147842357753,0.0191509082816386,0.015004897708897067,0.024055064695454497,0.025708606214423235,0.024387120485898736,0.019463387101163635,0.07364394126200104,0.02086354881945393,0.032859621019785,0.015734640972982234,0.026356300753734335,0.015275776536484766,0.024427655232280465,0.014408269671735467,0.012554458543745366,0.28196344284740554,0.24353952665666787,0.05475666410291133,0.03475469066975837
446,0.1202418194759044,0.023643476802049868,0.039488758776737465,0.04851558278239403,0.018221910468547365,0.03143454350679,0.028545777619252834,0.018710179086494333,0.0520311868130973,0.05250835215563653,0.0495349187815575,0.12861440599765847,0.007213658646733001,0.06456983375802257,0.06863881824551793,0.11064704079790089,0.06653285288988194,0.022692149709090198,0.020172102818502,0.02804263086823043
447,0.0319478723396129,0.012284217712764132,0.025562973840272497,0.0617972862850664,0.0650600393284837,0.009578997240377933,0.03238790897114754,0.06553293459914859,0.0157173317442908,0.14709262766892262,0.08504448076929944,0.023322577891500936,0.013916783333728268,0.027672207265818666,0.02318448420980597,0.0397565977512279,0.05499836411748297,0.10920849100134737,0.060696869903128135,0.0952369540265724
448,0.017299243570710533,0.030603739071235366,0.04923823709014471,0.31688453544579054,0.027636813777401167,0.054615852558292634,0.035261226457640064,0.02452796217714373,0.06516933906520994,0.026487232670404332,0.035474710260238164,0.10701267225878684,0.0116229995451156,0.05364098312594214,0.013573495443297967,0.039647730399799734,0.0239142160461339,0.02464631281497237,0.022833553985167232,0.0199091442365721
449,0.03720809067136917,0.021909583840691933,0.04973832242639794,0.03327923435386287,0.036268278755106166,0.02333069336156557,0.030958362696916302,0.024707169960709333,0.05454106088903413,0.024978458876853533,0.03554009652355689,0.282728926845948,0.016190079084842567,0.03496337344323144,0.059392281207465064,0.0846843672798188,0.019011008926277665,0.018164023703399534,0.07093744866906686,0.041469138483885434
450,0.017468183067228634,0.0221488479194857,0.03485623981743987,0.11827300656820965,0.045425701571759625,0.041165686693306065,0.03324203298482403,0.021309671458014465,0.0495249013584061,0.0361621311699112,0.029365946446982334,0.030928049485712136,0.018061777481927766,0.2250956746254317,0.012899033705246666,0.048842449962764066,0.10757720839655667,0.042292757110316936,0.043735138954227475,0.021625561222248
451,0.0535613646578455,0.011178004405814498,0.023373550133874463,0.09427682513947129,0.04389694258043483,0.035981624819420736,0.1855312540055624,0.03867967772240896,0.0411699623632722,0.04422219318693784,0.08090599319384646,0.03458267162624681,0.022671756344666668,0.09435474110702037,0.05100831907845057,0.012054028550960732,0.02483267155477653,0.031771194288205434,0.043233297806558595,0.03271392743422427
452,0.0312853920900838,0.013637194684001935,0.024333763456173763,0.019231110045208666,0.029121870107450796,0.014217940832295134,0.013725048527634967,0.11424437548264148,0.023360974208257463,0.031864788564434664,0.06046772132908184,0.014007847482466765,0.0570243637400277,0.031023255417020373,0.012087769158878601,0.025868481934517965,0.3399431603908069,0.10566407237055538,0.0156770926876086,0.02321377749085247
453,0.027865152404656802,0.0162882770961827,0.014146570690734902,0.023364275997697134,0.016928530889579765,0.04846412817104114,0.0334676049451604,0.22585737961723207,0.0209884153416639,0.14021736800558823,0.0579137293312455,0.018252025109959436,0.013356725804076366,0.04541250213505427,0.024526383019486366,0.0159463260995522,0.0198660993651562,0.1526833214154678,0.012448257441548463,0.0720069271189155
454,0.07468864037617991,0.0121483780421971,0.1490632569840095,0.11969430092317769,0.0399903977929981,0.018901769495879333,0.09662612591146134,0.036708176123533234,0.030011004955716597,0.03699706467421237,0.054385301036285603,0.024446459433824036,0.009393344119356,0.06039886670407827,0.0182762031844154,0.03442562159536227,0.055060449539197566,0.03706158308797343,0.0515627931195315,0.0401602629006099
455,0.07418973095481766,0.016468692915067803,0.014819315838314398,0.017950975935302035,0.08545332876380392,0.0102655354485235,0.019788933584402934,0.037947842622771705,0.023546825122607636,0.14083827757084288,0.12065738565983368,0.022732356069672766,0.028135091297759263,0.04540474815333383,0.009702087556420734,0.01858318090815553,0.054727234604133666,0.1135138336446687,0.06966932577191154,0.07560529757765483
456,0.06871814665181314,0.083122973106096,0.0286841392913469,0.03725005322450176,0.08343172911540749,0.027235423515047767,0.016094319468785867,0.03091762780261717,0.017225590788188066,0.13324256476625393,0.07659172293546557,0.044623385568934866,0.01964508389683697,0.0217888349351311,0.013609862115805269,0.021352029988541566,0.21270552351348182,0.013365455336231666,0.021656051619623567,0.028739482359888702
457,0.11854841773089853,0.0151534364687892,0.21152553773018856,0.07933907773106537,0.0395056751405193,0.024158544214094604,0.016386020125520734,0.02639976908171293,0.0325733433506419,0.015287540134307468,0.05961042904009556,0.041191293153470636,0.018649088088590466,0.07111425933943794,0.024875068257666097,0.033619505427535536,0.05142612403169774,0.032603996986287666,0.04254468925054406,0.04548818471693483
458,0.05637095276071916,0.0223755269062326,0.1106961484528952,0.0528981669650497,0.032555542059137736,0.0749683514982315,0.07498640191311466,0.049877528857017996,0.04103325539469397,0.05631412984986084,0.0347145469052274,0.07875443608147867,0.0116504177877134,0.049835542065366195,0.04607185269380066,0.0669428797630993,0.04578651144635713,0.019285744539909,0.03423830332222503,0.0406437607378689
459,0.05582166569531399,0.026440741046333233,0.032931571499504333,0.12324320179929371,0.08299795420252716,0.008668386465092668,0.046477419217599465,0.03572930876892333,0.06339159837624493,0.06102636390837416,0.041987326652201534,0.026325986926308203,0.012229008799918098,0.06878532404122333,0.012698613397323066,0.039675758152637235,0.09212787216441991,0.0632753504993341,0.04814789004976008,0.05801865833766651
460,0.025330790200940066,0.013868635954445268,0.020536400083267632,0.025462150889724967,0.03887956527210427,0.022912191937987963,0.018819983866023265,0.05206447518343913,0.04447686809046047,0.02248155104252267,0.22985857452061098,0.018711199992017633,0.0808959116904992,0.0350717126646412,0.0237968537159535,0.026703591296042866,0.07920854883586213,0.050027708406073734,0.12521079723809336,0.045682489119288704
461,0.054655218094261465,0.0313435271820571,0.030400875035635464,0.06386645867749396,0.014739794953930801,0.06875449154664787,0.0235671652082811,0.02944503810080527,0.11785383928854143,0.0468442304906607,0.04774470051423987,0.06840382443391634,0.0104441033711204,0.08596576643935823,0.0622055575623881,0.08893282784966856,0.057228100084383865,0.05178253588608667,0.015665851745665465,0.030156093534856366
462,0.06157681503206983,0.02020645489378897,0.016029875373706967,0.029150614214405634,0.03072441399896947,0.041509908692686594,0.05881345889099134,0.0498941257122049,0.11643879915622128,0.06337837464054076,0.031242663285346195,0.055688129976291134,0.010504347210863,0.14276405539523193,0.07526250100091234,0.06566935439497257,0.04108993323817323,0.037065004824330304,0.029324561034433334,0.02366660903385943
463,0.02570808764526687,0.037619053581552965,0.028104972056127536,0.02367896600682187,0.05217823125940687,0.01863621371842583,0.030724378435216203,0.05403536295418723,0.018938963828814867,0.33226903545672276,0.051040324345324066,0.04135914552217527,0.035661378164016204,0.0505619172467007,0.0195367521961471,0.05720426591688756,0.01802566263645367,0.0463627368155306,0.020399591636600267,0.037954960577620635
464,0.02655813714465673,0.018718122682645732,0.018393667542126766,0.11148717063520551,0.21384712920948565,0.0053503724617712,0.04784137619703773,0.03886929142817134,0.011195109641719499,0.0265977388599835,0.03746732745111417,0.017773329317209197,0.019702293876048566,0.021590055352413498,0.0169026574293686,0.01726027393222423,0.0181180464101228,0.07127534493845662,0.1449315290158433,0.11612102647439441
465,0.061367957478880665,0.020718308467413998,0.03724409234322843,0.09825993728742637,0.019897815300775966,0.026302217390399132,0.03503312817138746,0.04516140464637063,0.03371601799501497,0.08153586506395347,0.21413284975445326,0.008838191694449833,0.005876681348323966,0.06153891302429537,0.024915307126795766,0.05569640302572823,0.043936675262187135,0.050027324847022665,0.032869184918121463,0.0429317248537703
466,0.057024365487756835,0.010056522025928733,0.061280905651507234,0.049106009554609135,0.03774235257015823,0.033676424962530836,0.061664555203755696,0.022625654929591565,0.0815666042963028,0.03477156626769537,0.058752842342839805,0.0551908190510961,0.008491663105279601,0.04057120994962474,0.1046462513222663,0.06434964542414927,0.06336073966699445,0.0511019150243598,0.030598351313690365,0.0734216018498622
467,0.024087270078943363,0.04500084701078777,0.03155869346564397,0.013466498405019003,0.027191812007925097,0.0292883195675771,0.03890106694633447,0.05466702900126557,0.03929172354081484,0.02943948619247917,0.037833682308935836,0.02727073141629,0.05355154932246283,0.0197609396887144,0.0220195971191253,0.016795681918880468,0.2589971179385977,0.19711035232877838,0.020722008298933,0.013045593442490767
468,0.06951807331272812,0.020021093952613266,0.027829142363681197,0.07815762531861069,0.027340513117559802,0.0608302451018722,0.027079833281208204,0.018659666086586032,0.1906592937183862,0.0179489702586288,0.0340835571339743,0.0500188723273059,0.009671507569630667,0.02727132870083357,0.1335474112884791,0.07250494811921997,0.07085822478975624,0.029179054021318502,0.024920312870641,0.009900326666965368
469,0.06256945414737317,0.0335793123888915,0.0326955571658445,0.04634701872225744,0.03182625638349743,0.039170599656659366,0.04625802292550187,0.055248097324180366,0.07685492603018754,0.07755624377594462,0.0750471013409957,0.07578875027168437,0.0076715391731162,0.04745707820039457,0.0500438031126005,0.06611217558545053,0.0555552385685745,0.0332768717147196,0.03514324114623587,0.05179871236588949
470,0.04970966241485547,0.036111003998665965,0.032854431991940436,0.0194797154717111,0.0340518512930549,0.011031391095405968,0.024431073285218,0.07307152132012464,0.043176829653136996,0.11583788135616667,0.16784530204373113,0.036086688670756865,0.0242821668338221,0.096805195115941,0.01979432887115577,0.04235287661552497,0.0666726658342726,0.07409470809322793,0.0093195783917236,0.02299112764956293
471,0.05053751981088773,0.037852716844538496,0.022117368992222202,0.018792090803927197,0.10364807178978153,0.020334747988460033,0.020623820102440467,0.01824054184238703,0.020647609920003068,0.39136659722308736,0.0413678972677724,0.025469398146416165,0.03590085276683607,0.0399232531977116,0.027729271677425994,0.037575615796348466,0.0209252800867458,0.020549187631206032,0.022347456066797968,0.024050702045003435
472,0.04591057943308207,0.02103101136452137,0.041335233048807596,0.17061137132832002,0.018552794005076135,0.07621662689183221,0.1131270087819851,0.014958069493114167,0.04403461755827123,0.0224926897324917,0.0489972090535733,0.03664093684123534,0.010220890101248267,0.05130196202657087,0.14222498983680665,0.06356985279706459,0.0142623041088585,0.017371847493775065,0.024075143362269066,0.02306486274109577
473,0.07602530427654607,0.020324534029806666,0.0604677851617032,0.2128080766735647,0.03591668318623973,0.052466724860745995,0.026545669732353002,0.022813025370541768,0.025066556208501272,0.0580057845586939,0.044540326056048296,0.06698871791703176,0.022297373546558932,0.0435671066337485,0.015953869444000533,0.08426070714496803,0.053645971715773066,0.016211932556615502,0.0334232926170338,0.028670558309524502
474,0.021169704755896166,0.05107856133106423,0.04700061106151863,0.0732222582679833,0.030264272507793705,0.0133003124487217,0.021081061082680267,0.03082020927086793,0.06375575373735858,0.0149944427594239,0.04782933496923364,0.3516590451820129,0.032440773060857526,0.02325855303244277,0.012562646733276934,0.031887101634636164,0.017845343547228398,0.0696297227438848,0.017801380607774198,0.0283989112653434
475,0.22195418435465827,0.021356249623214033,0.09509186575865064,0.025126108878398265,0.017567452200733136,0.0772747451811106,0.008815056453823467,0.21020125288767547,0.010915808604880168,0.024115140918992462,0.03789119327318893,0.024439703579477796,0.0156960315517181,0.0431896833900475,0.014369933808535365,0.0580767408875841,0.043562411693135066,0.013221792856104033,0.0183602094864838,0.018774434611587867
476,0.02240639049651157,0.010299976580258866,0.039598289828392,0.16580853279172167,0.13106683303888078,0.02972004751119343,0.018238116251414197,0.03573590942791543,0.07861664294457639,0.024431434898202,0.0253094715413013,0.0755217024226849,0.03324354685375183,0.0194430183530284,0.012193624513476999,0.029599269786605303,0.05746036660889716,0.14821079109399857,0.014529179666549067,0.028566855390639193
477,0.023364360628177233,0.077743812805666,0.1809581346088086,0.03941272921161434,0.027324085522038234,0.08867244252310492,0.05943166118614166,0.07270270673715983,0.06907522133762235,0.03612175560843957,0.013270850061949934,0.09058176966874104,0.0293757797337628,0.0169191049232891,0.019654026243995232,0.035360558619066895,0.029330057581675034,0.02704770723873527,0.04794143458516944,0.01571180117484153
478,0.016981789601952534,0.013445972648258335,0.049722915973349296,0.055852488339903895,0.009145417413058467,0.011227806307704367,0.011606295799125532,0.14469048198849332,0.025983309205022564,0.1346644101332092,0.1359919237350152,0.0065246092193473005,0.010830736013405,0.15258104110612927,0.0114571989625592,0.017369041748927533,0.1180741003596985,0.044281010373619235,0.0134473684273203,0.016122082643900033
479,0.06774389980999714,0.0899736166736282,0.026931454089778133,0.019660841320361267,0.020493444025574334,0.22084399406470281,0.031189219975041132,0.021982954246298463,0.031689689081928464,0.026475668738793437,0.049521047050825405,0.029266945462055535,0.02211386426073007,0.05074142962343057,0.04984497003535557,0.12795238310188953,0.014703510583740835,0.026179494663466234,0.0190368988462564,0.0536546743461457
480,0.0262654635465823,0.027059348674226935,0.04905441207362753,0.008454645282488035,0.03898592384076697,0.0295886362821649,0.0524742266260807,0.029230639185580897,0.030243002155713832,0.028605601096353062,0.026045060087605303,0.23029361225962638,0.048363259239935306,0.03305254116763393,0.020226700797922933,0.0436855045654832,0.0764798144584918,0.13052241414677776,0.024769525284379933,0.04659966922855743
481,0.023671489428550668,0.0502258775080582,0.0346486771091741,0.030437857985543965,0.0286511468687273,0.26857010718444424,0.027281114548016867,0.014508818453493633,0.014639988107742967,0.06285045728411849,0.032759622992747366,0.0215887813461223,0.04078447572542993,0.11780949049699664,0.0288968767769527,0.043618638276588496,0.017391373134366134,0.01918256150406057,0.061086300915164336,0.06139634435370026
482,0.08037796674639533,0.21773126110680271,0.029410963748627866,0.0211754549211986,0.03227750641845253,0.010558684840935967,0.011293376829732166,0.040091199624430536,0.021618994074725534,0.07300789851586266,0.025391333758104734,0.019607902978133303,0.06441894191276606,0.028150065324372035,0.0237083601943119,0.0338706902423366,0.02545097412786013,0.012889438873099334,0.189727577785489,0.039241407976362164
483,0.037493540243916705,0.029332834691232035,0.05956440376000563,0.0212596393185614,0.24376433092893576,0.03807322782316233,0.027437118022992868,0.045270637340491436,0.023146154060610463,0.1619989826509175,0.0434816920613132,0.04035244104445177,0.026286109809736866,0.017516157833808537,0.042918261741921364,0.034569999387180465,0.02286624686633437,0.048966158071523734,0.016806569723881202,0.018895494619021364
484,0.019834603802000833,0.028689858042167667,0.012553594136000101,0.020585737807723065,0.05401434580159666,0.021742980856599,0.06192186502126587,0.047135264890346,0.1178786185102752,0.09144539213317858,0.11460889217295256,0.013822510716326364,0.014909208472329433,0.056465258988225665,0.07450784566021333,0.0334710636991706,0.0905027997468722,0.03663889476954063,0.03787648535279397,0.051394779420421276
485,0.0240301979226128,0.05658119761395574,0.012226127142193434,0.02231175089558997,0.014694640270595133,0.0862333833350802,0.023556756290546932,0.22554831247727938,0.0408593530297612,0.09611475162684067,0.05014787217166047,0.06635069228886027,0.025274816890807805,0.06530070981324297,0.02830557851612703,0.020811990472452933,0.05773086837981243,0.0432669270218869,0.0134335326302527,0.02722054121044007
486,0.027251188697154666,0.0429209333062709,0.011792177612458167,0.05803286824035677,0.0798295311744203,0.027594099760890167,0.13102964418672772,0.012490584251582566,0.09601982908741323,0.04279816559386004,0.022208040322491032,0.066587489093876,0.009382800372131066,0.019810693618314834,0.0396184044840406,0.010323251625841634,0.008539943352571399,0.042858104257560925,0.11334509460616647,0.1375671563558705
487,0.018871263737615402,0.0701232109244317,0.08025212261966677,0.0257651198174923,0.04388362390381937,0.04221904968707493,0.19933179835832257,0.014348252588041134,0.02591575800725567,0.012895405630289099,0.03533445849169423,0.07041511772132457,0.028964324311782298,0.0323637209306683,0.13001571387567484,0.021212599303710267,0.013522224784776734,0.023772577511045962,0.0641402279291413,0.046653429866171665
488,0.057441033893277836,0.0224519682441542,0.022334147509045197,0.16860426254652117,0.0406633440278281,0.030909349190355668,0.041712659675521464,0.020911471877899768,0.0720010497737716,0.10150808187647403,0.03920898540307224,0.08312330107123897,0.039343328375166964,0.04675731775677044,0.057257640516784336,0.03900207217482973,0.03681160623670027,0.0301301477097845,0.01968829929470173,0.030139932846100698
489,0.06565506824736933,0.27848381000271183,0.0270831928903346,0.04959894817358987,0.036620759812387965,0.027580867406982165,0.039053675402953465,0.026108196656936467,0.033922421195109166,0.07452111162060772,0.024254379038136636,0.09194174464256777,0.0410735414021861,0.019061712048480835,0.021609400976163002,0.017482707321848832,0.016528999932807067,0.03291190766074987,0.030370572110923835,0.046136983457152635
490,0.009381003584199367,0.021222107152173934,0.26991436064240815,0.020381363549080298,0.020431523469217568,0.041997716069021966,0.015406775745077301,0.031880419919102,0.029658992373080433,0.008818335589454933,0.021304923910537565,0.0805051508211397,0.22933450789372398,0.0126387818906328,0.0464441521896982,0.0178811692022652,0.026094498500434566,0.022524984720764935,0.01675973644859813,0.057419496329387955
491,0.036137362302646366,0.01406175616957,0.2187725707170812,0.0576763499582997,0.0233982727464791,0.05035079512839671,0.04493937080570067,0.04396820870660426,0.0284408436323363,0.04170553372486193,0.03562515959671043,0.14504038699776442,0.016884512273603002,0.019936200534532964,0.025560064953923805,0.0530342244404939,0.05912032730571327,0.048728241374341764,0.010477553997131834,0.026142264633807467
492,0.056760430548039593,0.0091408070477548,0.06213890110716317,0.073807241441104,0.03510154626810957,0.08181518164733327,0.0579616351801625,0.04613422620012969,0.03908672866051894,0.0285301509980813,0.046875431741146535,0.05625625175768854,0.0189530245113339,0.05021423253987017,0.04553722467765043,0.07055741898628139,0.048583322555009634,0.04514670153922353,0.062137693454354166,0.06526184913904397
493,0.039701415827356805,0.2560631190376294,0.033563858009301804,0.024720036738862666,0.04284143880391656,0.019311692588819034,0.022870379591376135,0.01631680267640437,0.021582569285997933,0.06858798069884296,0.03439082021358583,0.03379253570947303,0.01760948237075057,0.022798970033369465,0.025458439662647932,0.06484804379697863,0.0222044602744976,0.0357257994947132,0.06699437347001537,0.13061778171545965
494,0.020342673375770268,0.016133499546930368,0.020860093770774035,0.06095402471587006,0.05588185953587601,0.036424560838864,0.014681485573099534,0.2405028773054089,0.027012260940525168,0.11473664842461705,0.06971288013095227,0.035956045716284364,0.041234394404096465,0.017834987390457132,0.024670147278973098,0.0176422738920516,0.028522192630534533,0.07567434802080027,0.02146694546430913,0.0597558010438049
495,0.0911334325383411,0.0218098573694053,0.052997060600528244,0.08207636401186084,0.030608740041797564,0.051903660051464066,0.06333537772499163,0.04212829476939567,0.03121651659771506,0.04141591995100317,0.0621498054302432,0.05656259918030556,0.0092369233195161,0.07517309971306936,0.04577370847809447,0.054461233892840334,0.04641885608767166,0.04776470263168786,0.050588813714410534,0.043245033895657266
496,0.1341652640332938,0.031232252242841197,0.028218292663853034,0.055385259020073664,0.014958071283015767,0.048647776048803666,0.03569837507879234,0.016067939091538766,0.0438148208937642,0.06802735281501324,0.07931244489136392,0.04548226548392783,0.02960776105333403,0.0680320037144556,0.06913926821036227,0.12270057864477772,0.05320710371900276,0.0150513707591481,0.010980229283360335,0.03027157106927687
497,0.038702731174630765,0.02810072862520363,0.036671604599564096,0.018227359754994035,0.07308364232463664,0.025897761947659036,0.016418373028634265,0.18695838230807124,0.030441076729249502,0.07343305785292732,0.023326842762185968,0.0131437651449624,0.0176579987343914,0.03408198761600167,0.04418185963338273,0.0141467437990831,0.04942261523305607,0.0617634265758698,0.18746752446399095,0.026872517691504533
498,0.0339641775422447,0.05365562576995297,0.015535187866513431,0.03371592296143023,0.014326076604847233,0.016609882727862266,0.018645773362331797,0.11683161335999316,0.022598244072620732,0.08637782387252191,0.08253090706617387,0.013701936665194368,0.0158949454367229,0.05014377676627427,0.10922175356443842,0.014220123876826132,0.0697710345200699,0.157964542120083,0.020932415051858933,0.05335823679203886
499,0.060901132800296666,0.0182956598429981,0.0527926330913123,0.05300518428027034,0.028491405650646232,0.029577651906501096,0.04554642397291226,0.031014515525463804,0.04818291225574653,0.0425740315106444,0.040848568847122034,0.19839461001122374,0.016250334093919867,0.09711667643695167,0.028886088199932464,0.05950134338509494,0.041238079146192666,0.015748356962349,0.042815622060861126,0.048818770019559594
500,0.03666982585600883,0.015425382925769634,0.0630045556289399,0.0704313373082346,0.10512951542075653,0.15703117242953044,0.0329503017897908,0.010784434869439067,0.0359896635241476,0.027611806893267737,0.038229487233809666,0.0642876537760652,0.14658229127154956,0.034587055081205936,0.019324785673748967,0.044615425681362175,0.017670917522411265,0.0264323237386157,0.038357835016358637,0.014884228358986932
501,0.04854297228375346,0.014541113479168666,0.023307153828169003,0.051501984581051465,0.020343376461300366,0.023292055935047833,0.0484101564853734,0.05286742543588227,0.07160826815719233,0.024793470461550334,0.09195405806192662,0.03811506324718456,0.016138381461395703,0.030520190899078703,0.0370628040465613,0.0693651176988645,0.19164937269815305,0.06691670589647501,0.0476210930927392,0.031449235789131336
502,0.0237568736855153,0.0345949630810541,0.07121707839924107,0.03141560066091003,0.18383848031754915,0.03450662643412373,0.1427511842328229,0.020980909097777334,0.015058569191048301,0.0406055830348363,0.02534575627462207,0.029450975545270736,0.018883218695708536,0.015201567988081333,0.015653491955796,0.0226116062942409,0.0158924209536901,0.013818815553131067,0.04129136648873983,0.20312491211584027
503,0.05078278606332463,0.03211778038654673,0.09702965977362331,0.0376107499149395,0.02458836540282383,0.014036217903850401,0.02231980505017413,0.0679166509062135,0.09115094030882787,0.05289000326947683,0.0595442750237818,0.04215141035659493,0.017735721046049233,0.07813597452653714,0.07066128149053506,0.0459338058506381,0.0409664736516756,0.0763161376173671,0.031097902907298868,0.04701405854972054
504,0.10785882959786881,0.021117912653983235,0.012953719560014834,0.07382340891159067,0.015583437922411967,0.016916116509715768,0.11446642663465363,0.0694676212933287,0.012076264193562202,0.021456037870641834,0.028851911008137467,0.0490549184285095,0.0739802389683661,0.031477918322865804,0.011882155276942632,0.06660890923524466,0.16245274747880808,0.0415471874351154,0.03580515338106433,0.03261908531717344
505,0.04788187120823753,0.012429704915689566,0.047664454667049966,0.05305715884695633,0.06317849681286516,0.034311107045672605,0.04461592865677316,0.051289953214102735,0.05820245082920017,0.0610450093088242,0.08872507055001483,0.0622311097206463,0.004470619076781133,0.04564897885803897,0.05379030525441523,0.0497989901016281,0.08595281207339729,0.0337124061700401,0.06612262303559606,0.035870949654069506
506,0.05809526907389451,0.0145485750276051,0.062264662085843005,0.026950122517032566,0.05750905219258573,0.028577105169241668,0.05737867108579713,0.04154069921841389,0.10214156933848394,0.05680069136357113,0.059195771379065204,0.0481903432498156,0.023692673219969134,0.042228276849691666,0.061901264548535596,0.04083302163940497,0.04721830602725807,0.06588986983613866,0.040841489014073105,0.06420256716357836
507,0.03950984044517533,0.021765246974011266,0.042393894969823674,0.02006775266914253,0.10652250280588997,0.04582100348486249,0.052315248992606735,0.0123086126530267,0.02728490022803193,0.04751329770427034,0.015297026736980399,0.03400648308284653,0.027046233352025467,0.0299098087891852,0.02661973014798723,0.029879786309097666,0.025392663209274167,0.019004809950381334,0.13505012143097217,0.24229103606440802
508,0.06952118107438136,0.06371157478291613,0.06750535816677904,0.022259730266195567,0.02072587302174107,0.024195476782907333,0.0691432345527541,0.06778673429563613,0.0326570865864126,0.04565278861162583,0.03493531728585374,0.08169081856644127,0.032052338554450166,0.036564112828721,0.20391313506542572,0.0173062091310472,0.031173834569542366,0.0464818297847981,0.011889392964698866,0.0208339731076715
509,0.0741366336120487,0.015553819314184703,0.05681012161838527,0.05511801121420651,0.03781405154951037,0.029209264066029732,0.040516618250762165,0.041745501905449435,0.029749936694019565,0.036250917120061836,0.047445799739102866,0.07735414493478383,0.030879580900913733,0.09848996631619471,0.045540459763261064,0.06209352181089853,0.057817091469260305,0.059353478659233065,0.021886611406512133,0.0822344696551806
510,0.06434375149569634,0.0232718468843917,0.025583829818139465,0.21687233000769382,0.03822474269282283,0.0459637308103888,0.015550011542530266,0.0967583992954395,0.0663734513369152,0.041865598486038734,0.04508248611210606,0.016981448514230967,0.0338122934529928,0.06988041222374416,0.017561250693205164,0.023600106154914164,0.04115552079835253,0.0629277148361669,0.012965906176020567,0.0412251686682091
511,0.26647213651051255,0.033593430231654474,0.034869386615599636,0.04735686919584667,0.0267813686410123,0.04674703642569073,0.019829603633512667,0.035933086550561766,0.047212429028422175,0.12508967899038187,0.019723316660375998,0.03344640236956773,0.03405161411058757,0.018640624258520633,0.012655308124843133,0.061456037357646896,0.04138719288359973,0.038500224852963665,0.0385266089184271,0.017727644640271902
512,0.029600639870952433,0.009302970796833435,0.039926569418461066,0.012922317870271066,0.08842840685261273,0.021464755466050867,0.03251555186134663,0.094831265683382,0.052942127052811934,0.14336482690679486,0.07079067808881988,0.054629941791699665,0.033088768507224836,0.03865982076892504,0.07868660688400579,0.028373571917414533,0.025869150947473,0.07744549049641468,0.029868617879909198,0.0372879209385955
513,0.0813686955681916,0.034909424531068066,0.03335903547351927,0.03929554003747863,0.06896300513505327,0.04709607853402797,0.0236365667446574,0.06152400092896353,0.04630272761827956,0.04841488546157006,0.03937772684941603,0.066158105867151,0.009083864858774266,0.08625531261356756,0.046995340214653035,0.058783134975466,0.06028956939670973,0.042943680980292075,0.05249593216906536,0.05274737204209464
514,0.04050756912657493,0.0302320441811256,0.03536016495848223,0.015677731471400166,0.012253979339708133,0.048546488302481206,0.0618332216504594,0.035217303273167966,0.11356631241953484,0.04238806171370487,0.0465088168323439,0.1356747441922541,0.025439160165859263,0.021244645475884404,0.10067828849683767,0.019303451909781232,0.054419307357044,0.05824585084043903,0.043435692243280165,0.05946716604963607
515,0.027586947201050035,0.029103333995656736,0.02398782160907977,0.09342070312932244,0.03274574407235031,0.021193590250175667,0.033173300223423706,0.025383489193754633,0.03602609310898667,0.051973540230823324,0.028160519356532337,0.0388243669319716,0.025680834283016468,0.06927552228489574,0.2566750462877378,0.021129064854075064,0.0205133620190651,0.04881673835346487,0.055164665095548904,0.06116531751906814
516,0.09113475499125534,0.027596077728755202,0.015947527239313135,0.013986902317606034,0.14848375519331283,0.0535229437999192,0.0261974752358221,0.044947913021932295,0.0217202857205144,0.08936758687402069,0.0681807691147187,0.021835233177196198,0.041087962390033365,0.06297747045381547,0.0234568808446205,0.0224111700167888,0.04401846347663913,0.023162241674087966,0.07693187811879587,0.08303270861085178
517,0.0614454832641533,0.011649843713444468,0.030026126891936362,0.04249172873438516,0.08691794093484585,0.05851049712269949,0.09286604144164394,0.019672067054361666,0.06575609671394947,0.07086424324621464,0.041735452769278626,0.05835283015774493,0.0491401289541778,0.0644606989038806,0.051074874560052,0.044078855867069,0.028135085471834867,0.03648564545436833,0.0588195445948162,0.027516814149142366
518,0.0230669333566874,0.019763189819594733,0.022304551802979935,0.0089517970067367,0.0236845691146931,0.019051337647658966,0.021043219968908566,0.22320630127881955,0.017921580324776466,0.16362732299884497,0.049592190615079294,0.09668367952220232,0.023787494580681034,0.025260706869000032,0.015979964153966533,0.048821695818857265,0.021422611971388634,0.12191553781402749,0.029754717925574534,0.024160597409521534
519,0.04226726505413934,0.030351751434821467,0.06294993168545936,0.048681701395532496,0.04904085516015636,0.060362125505048304,0.05596657497664733,0.0738297575903165,0.051817912817518165,0.04361095003706606,0.04795240744933319,0.10528089960697669,0.06797000174933993,0.032583300045033035,0.061790493150090366,0.026611167442269667,0.023290160170509167,0.03383790240136083,0.027316396554401833,0.0544884457739789
520,0.0858123781672696,0.02571473974829776,0.025449336662195666,0.05174407449133977,0.042378208712341964,0.07795841304682456,0.049888656929777335,0.042978912031913265,0.04863484211771466,0.033476875080487765,0.055903671861856664,0.04249527373586807,0.06499098873981747,0.060252438214636876,0.0591244803883638,0.03501839806178956,0.0483543142642667,0.05057011878050793,0.046768106975708136,0.052485771989021525
521,0.04414526188646233,0.025841570954420568,0.022365158497158668,0.025405406971049965,0.05066614698827706,0.011543203262518233,0.04375327779648597,0.12466991811205257,0.018050546607276733,0.11768466138312961,0.07006238128337833,0.04440908387036437,0.024233506662172832,0.03820054598032404,0.03400769203704684,0.0296769088617914,0.09090150814397957,0.13864086756545127,0.01639347222640983,0.0293488809102489
522,0.07078628095225835,0.007045761980089934,0.06170401278498716,0.1061812785475894,0.030114007335831538,0.0254405309951254,0.030013772784201503,0.09925477049800875,0.06958455817332417,0.05542762434563494,0.044167698919376074,0.07193330203295163,0.027071939695501337,0.06963191223758368,0.024727386601551837,0.04035336749444237,0.04249870327031907,0.04181724314155416,0.0322496881124613,0.0499961600972064
523,0.020035106745558164,0.15478870369673536,0.010389859050403199,0.10182822865273572,0.04120931699776766,0.011350275216795934,0.0173152230023443,0.06879028551898246,0.0106536488078298,0.13370191505942244,0.10739850710703618,0.017298984857361834,0.016441799399010467,0.016776333674816134,0.032156479717718796,0.024970463019697398,0.027607783404115998,0.06273036879571094,0.07698731952210419,0.04756939775385203
524,0.04867875585874363,0.019946924168903667,0.02544638763010203,0.05156318068247201,0.04149845111508083,0.04503174657278753,0.05222086620775376,0.060362782021354,0.08163203541677004,0.047134235997483294,0.07552412624581373,0.03554974648889336,0.02070365879812443,0.0594196937540167,0.07421443314160049,0.06834950660697023,0.05789035155875386,0.03754243060135863,0.05224121705611099,0.0450494700769059
525,0.034303533845320366,0.0390418542584937,0.05184800565689716,0.06929460300852859,0.0475125661921603,0.03666761466778767,0.05140921751416544,0.004456191542599499,0.121937852092661,0.050780321919400496,0.046786767819765006,0.0441591058234623,0.027676844455717536,0.023637152636468067,0.03433029785131327,0.05755151752054627,0.04258359221428663,0.0775264963409792,0.05110288004476187,0.08739358459468471
526,0.038039904718794,0.0171769481059561,0.016575913270473534,0.04987589660783883,0.030831726385824335,0.06310566830025006,0.027998142422799965,0.03284140538861603,0.09304674871384677,0.030390313133834168,0.04682892429714144,0.05227937949131836,0.03139612802618836,0.13770627764534318,0.04797005700942306,0.05900837853554106,0.04888384342989116,0.048397885138622775,0.11427216875916736,0.013374290619128433
527,0.0642787871446594,0.024445478871008935,0.020716120447533765,0.0382711013927755,0.06905314353528273,0.04620702102959003,0.03961941862589844,0.10699382649926781,0.029779241654997197,0.0342821700203352,0.12672692176614153,0.07372588412976533,0.0336432370055277,0.022833948043989766,0.07875988644983863,0.017456778089974565,0.03874507306718997,0.05111843192463603,0.018751930645938768,0.06459159965564769
528,0.03769143647309717,0.02760368382029167,0.03369811006771333,0.0524289043022732,0.06280996739228153,0.0508580683149871,0.026561945518547736,0.032564776197357134,0.0503878974347848,0.0772850057329321,0.04393669488931634,0.10331867248834166,0.05764704195620649,0.0389044482933125,0.06840286080640777,0.03704318173076434,0.0503998838145259,0.05124518756597416,0.055643048462915366,0.04156918473796873
529,0.04476726909831257,0.03457919712108163,0.09543290876838095,0.09884266781833229,0.04893751320428567,0.034492079675004735,0.044821252101899134,0.028020824466651533,0.05652186669319124,0.04392242200083946,0.029749372081982365,0.028928928621327166,0.030645766028058834,0.0532583847168449,0.012927261373902002,0.06745819316539824,0.05610233157036737,0.06299194575992473,0.06512768507929216,0.062472130654922194
530,0.04836388826083013,0.0369429126017328,0.0764326601757219,0.034867249516175,0.05452674161885146,0.046342439559896864,0.034078239608238435,0.055081468272206106,0.027188499387744997,0.050158308471434904,0.08611434063754213,0.04963099231150386,0.0340918870303778,0.0444847656350745,0.024348509906351536,0.0364924759921611,0.043757599619833575,0.05439858520472896,0.08601451784215032,0.07668391834744263
531,0.06678908567094013,0.06781867344277943,0.0180312588285489,0.018652153645008166,0.09502895871997842,0.044466216233619266,0.008597044363090134,0.10286429098816709,0.018220718856042234,0.06900141993543886,0.053291059520794694,0.05544316355603927,0.06294822139649914,0.043045625222174366,0.0108730688270207,0.016518658434418368,0.057469306686042755,0.09608916962869761,0.023364065330384032,0.07148784071431546
532,0.052219071259354766,0.0559326014332203,0.0183928432799641,0.05650603813686656,0.08781417750423941,0.04968215496471134,0.0440470996031292,0.06825879471839592,0.0239857466211888,0.10025958840643273,0.0966772079750136,0.023405279665831266,0.0490990092259578,0.05657318861508794,0.010270365816675267,0.03754617296761453,0.060542175263356666,0.0708380436616103,0.007542557869077833,0.030407883012270803
533,0.010084761214825367,0.04621185098111837,0.0158533132038341,0.016332943694534266,0.023312113240054732,0.06049059200001327,0.017989090286332398,0.017931218594089433,0.0204138250845575,0.027887165167542537,0.05068969745945926,0.018367420663023833,0.0118956976901902,0.021348575550725297,0.050050490458166,0.007088343710127967,0.011940795484584134,0.009305212556878934,0.5374385483986269,0.025368344561314565
534,0.015232595537278367,0.022068021864197134,0.03312322466884913,0.020334637686091867,0.14236992665964962,0.025168489863352697,0.029625332530649,0.23418416668597183,0.017614573883224297,0.042260917760306195,0.1245776791827052,0.0240143730918376,0.011319009210657099,0.044742476087586434,0.010059849653117967,0.05804445073268057,0.03617962933370487,0.03765308532216937,0.018421006063888367,0.05300655418208136
535,0.030781111748459798,0.06539085840470203,0.021568588513493567,0.022911480826949798,0.0456200397934701,0.018205904260221766,0.024427384654244932,0.020962806287744568,0.0286039366306103,0.04029440337310917,0.0249157741934864,0.022009550860489068,0.08804155533971426,0.07878646942964956,0.0066385087780793,0.3324754579983935,0.042921632496746194,0.011555236525900901,0.019812430487058268,0.05407686939747556
536,0.10538733954470803,0.051511986051436594,0.0166583967091401,0.015310995470051733,0.16978288470218994,0.0587241353507015,0.027589375181890335,0.034051689476314664,0.0084805832789239,0.09060586410858307,0.030803211663229635,0.03164281208064547,0.03283493334341841,0.011534549842021832,0.027318306265854003,0.11617652255957063,0.06732916707543123,0.03598506196051734,0.03763265562345803,0.030639529711912666
537,0.4393542801885992,0.022245280428135634,0.0314846900242533,0.016692784479277602,0.020172249599085496,0.008291656116483767,0.0234948680958271,0.016741367889390332,0.023089870273395267,0.009088215410681633,0.03126975460127753,0.018570560257959435,0.0302305155290858,0.018898130775949335,0.007235159972492067,0.10069485751552336,0.1027696777718254,0.0368859443643847,0.018120976254845367,0.024669160451526766
538,0.0299051714617449,0.011462859209757268,0.03231483408924727,0.06945557233221493,0.013054738911923366,0.028704423932213563,0.030009780229654403,0.25976517175070174,0.03349403714923483,0.011844000563857301,0.13398417467794066,0.06325801376031757,0.008546348419905434,0.0152518020927003,0.025660282836628367,0.07609103142722147,0.06560962893420659,0.04105857176826636,0.033040492109263596,0.017489064342999166
539,0.05834238627777453,0.049544823586775304,0.054906821404631934,0.20019078205312027,0.013550966974748365,0.016264369981213434,0.02021944792523653,0.013002705333900568,0.0188891796540877,0.023784951838793766,0.023875631290207398,0.0235877352484226,0.026487783573448165,0.02721165079785387,0.0060241565535376,0.26781579186640286,0.071568606199528,0.022918278122714502,0.0424267533477915,0.019387177969810234
540,0.06305779594712127,0.07123709826342513,0.0803367368371652,0.03569333592508697,0.0399218217976867,0.10182208022580065,0.08568358921563973,0.03635726361801963,0.008412884003165066,0.05643541490913637,0.05022210252877027,0.10668606453157903,0.0164314472648249,0.06613531977344243,0.0098833129216189,0.046557921974684564,0.0396419069341117,0.0299371170522568,0.017454362847742468,0.0380924234287213
541,0.053239097410950335,0.0640056103242521,0.07479374450622917,0.04169047772074127,0.06284634419403286,0.0531910406855762,0.10079152367139621,0.03657117183257826,0.04739675329723997,0.07063810702556766,0.053366179609441566,0.027106367890994163,0.014935024706579864,0.03557237246572634,0.014356046983078567,0.04100394806594187,0.039048896995770965,0.05028947899241787,0.06462333617064443,0.0545344774508393
542,0.016591437717207464,0.08285600889765664,0.03932601657235707,0.09378041170697281,0.07390136995788923,0.0775990360181992,0.020258561446485097,0.06167515618307531,0.007791410664113734,0.0557580191434299,0.10775619484824323,0.015545998447318734,0.02155340881466253,0.034764106269025395,0.010900705690877267,0.02476604912624697,0.05882067807858227,0.0797773088854828,0.07489290904029627,0.041685212491877364
543,0.04811585132398013,0.06261523384592348,0.03810099071088947,0.04426303973173673,0.06158980071302883,0.04208974137857633,0.016402783323776166,0.13152838872457392,0.008915209825781166,0.0625031579460203,0.030986689018032698,0.012205978561715633,0.050741464809649604,0.04720707780692763,0.03010349056259007,0.0587780296341184,0.0735930536051344,0.05965280103342633,0.06378122792542988,0.056825989518687926
544,0.04847067189738203,0.0507295085658666,0.0484566887801903,0.05094757281858157,0.019469849265402798,0.04735081726663373,0.061138568223856195,0.06141504994070287,0.12261002915480533,0.03837309913134931,0.031472921157077664,0.056518923850946264,0.0246635839576608,0.06971593733744903,0.016661915405335733,0.04208870027736847,0.03737131404286753,0.04148910186287207,0.08447326706922316,0.046582479994427696
545,0.04431459138624936,0.0566069371459963,0.04782513826765423,0.058009876720654496,0.08519960447127538,0.06433300670053686,0.014535626206992698,0.0593507488410999,0.04398410610389317,0.0761649767206225,0.05568097493278617,0.05652874378583727,0.032367030427905806,0.030850598927372467,0.011459234830976066,0.06734205359108487,0.06902983773681347,0.06610684729819843,0.03961848067191103,0.020691585232138637
546,0.08283509342818623,0.08200476650702386,0.03723183971355037,0.03205830704974403,0.03215772625748736,0.08061048269063717,0.014969371426911432,0.0582850290714364,0.007707588333653933,0.053337720222534336,0.039595472665508134,0.04662558663976644,0.07989237832294786,0.014867230560711603,0.012140764232390902,0.07202744161801074,0.07101383709395333,0.08926666604381701,0.023621749405436734,0.06975094871629117
547,0.0355577545184763,0.0297850706211501,0.07227113307786627,0.07919428908771854,0.09488488600533594,0.04868318149028513,0.0422050454007159,0.04561991647110519,0.0793847783113613,0.047011275261585196,0.06476941311184449,0.06311640460696004,0.0071245531315687,0.0633035108969492,0.009066736704028066,0.041036577657740235,0.03111915773798853,0.04493604088480433,0.053630037938055264,0.047300237084460434
548,0.032740869615605434,0.04322549957376187,0.11260055012957138,0.09068489519374623,0.04987603514511583,0.055610681721710964,0.026675902297618667,0.0390798660145439,0.004362937547521667,0.0842489281014997,0.023950021425861834,0.07372192478803467,0.0137284641100345,0.030024720869672162,0.038431139634940034,0.0710659346170479,0.09891291356607303,0.03938343670286667,0.052322281145746365,0.019352997799026436
549,0.03584531199334396,0.0694244609291153,0.007886772756661367,0.0212730723729383,0.032947399678415736,0.08932199550792867,0.010027047679733267,0.06718449102726894,0.0095544503692139,0.0288852565966662,0.10852687486573424,0.006969475170251133,0.016740789746733698,0.007599481219442233,0.014211920949475468,0.0397861663573258,0.04039148204886887,0.1753226439261287,0.2015944339783977,0.016506472826355468
550,0.06729719953178953,0.04399314719665196,0.037458857837142236,0.0278147260568265,0.08102007847698507,0.03506754973501766,0.027248081369227666,0.09043663489621774,0.022882064305243133,0.10937689576440184,0.059284993444164165,0.0656962645971085,0.03728122321680393,0.029050165349874132,0.007583090264793566,0.059959918745603136,0.07324336051060647,0.05393305970784879,0.03620410375329997,0.03516858524039307
551,0.023580258581705097,0.04400550208505083,0.05186667844659396,0.05758779366877853,0.06172451126310336,0.06647598926021585,0.029050724518180266,0.0984124197352206,0.024383938025951537,0.053273948615943735,0.06637885011103803,0.0710997957413156,0.022232144236130864,0.0365344747663098,0.019209862415703632,0.05515483214138941,0.07445127883468373,0.07032436891008297,0.03747041642085246,0.036782212221748906
552,0.06190760500905713,0.049714722481747735,0.0304017299648577,0.07655057456373707,0.07154356789546133,0.052113333283800335,0.019952099377942265,0.0626833996669836,0.009235653237070632,0.05752803044864596,0.07571439127441547,0.0377813188033436,0.028192205067250797,0.08281437156121893,0.007720843102716601,0.0502015155860463,0.0415905887031256,0.050753414632745464,0.07957836851785803,0.054022266821974606
553,0.03898768314143067,0.03577526831964227,0.046213466532564605,0.05293690771479923,0.06561513452284427,0.040645471353856336,0.021341214719574,0.07461988548691222,0.04000767599821823,0.06724454778706594,0.05445459115118,0.041484434130767134,0.0440463832048384,0.0336616742328777,0.016699281986979436,0.06098424578965537,0.06647131614000366,0.068545793134329,0.07748040690123624,0.052784617751224505
554,0.087661627144262,0.032210481327647596,0.12873757896739188,0.032905420448716534,0.0140437901047948,0.09233858280889655,0.012125946435339,0.0354042588667183,0.019174508936768933,0.018920192613645966,0.09085239453947865,0.08329314357847788,0.037908237356193135,0.02623792228306017,0.015265157983254299,0.11084122599788021,0.07771698736940647,0.03144168539796394,0.026743876490900834,0.0261769813492022
555,0.07536796147601586,0.197851594304718,0.04172506766926674,0.046539125229525836,0.07237202065106857,0.055727953237051764,0.0258176564883535,0.055697061069930436,0.022305568563787532,0.04527253035541027,0.028363832710914468,0.020314945325673867,0.013061811338777866,0.029275716530438565,0.018461672521580735,0.027615376213678402,0.08227752668693407,0.0277726637460467,0.06692964986217684,0.04725026601864907
556,0.05517520156383406,0.02937163962435063,0.03885344416975393,0.054675384395869865,0.08650347891285214,0.030307512892389633,0.03010573010213517,0.0489316526759161,0.0460546541477875,0.09261350396877288,0.08440483936607009,0.028591474335566167,0.0082967751832435,0.0857367110544283,0.03808614368185464,0.0567266928148722,0.021228747939254302,0.058065903174544665,0.06310599259129719,0.04316451740520603
557,0.036301584321028535,0.015656938922071133,0.042877191398281,0.046147303922755095,0.06194338455125256,0.04581815218024637,0.04693002595006296,0.06511867018957802,0.05969655809410316,0.07320713859610843,0.07300873791958573,0.07293413174962367,0.0047907984536476,0.061755527649695434,0.03463934776728863,0.06800636861767097,0.061501916409320144,0.057878831359216475,0.03170565677297466,0.040081735175488534
558,0.028215637292851935,0.03924326886843013,0.029742657730080033,0.027130218493160996,0.008865544016444701,0.3957663919036823,0.04001212671031027,0.02116599737760393,0.061889664326753434,0.008110493772703566,0.05113084211041404,0.06827373684844464,0.0237676505164008,0.0387879056598288,0.0390421860025301,0.011947349730439268,0.04763991952662327,0.021027028754209837,0.02125271941931797,0.016988660939769168
559,0.0569251908264754,0.015444055434874468,0.040740134246840067,0.04658312186497087,0.11450988802135982,0.012808096501978469,0.020400250658392034,0.046920846447665664,0.04039919636805303,0.02955469858470013,0.06931040893040584,0.07028765087576873,0.0018599452644744,0.04792090423594377,0.027058864687044434,0.07780594814650044,0.05899070554556949,0.034089607971947496,0.08590850369081911,0.10248198169621543
560,0.041538249153971,0.04481667459207617,0.018222852307809432,0.010676562018194035,0.13392432806541596,0.014139857011633465,0.018301242021604266,0.20334513002476295,0.0202372099042052,0.07725451369693086,0.06859380368868147,0.030388941046058632,0.016686521381631,0.018230912059161133,0.0360359999335064,0.029419280811719562,0.030927923470530038,0.09731713428145583,0.03465044224990666,0.0552924222807449
561,0.035277913357050834,0.020372444035872832,0.03995666209179367,0.020809507283589032,0.04709206162465584,0.0328711266508813,0.06131500673538697,0.0684494017668104,0.04625288316562797,0.054069669429247465,0.05260653407585023,0.022613415718091365,0.007139977248417533,0.049205824091955896,0.09333577660916693,0.06116824450917623,0.07411228819642603,0.13088076057582518,0.042400756174520195,0.0400697466596531
562,0.0496382955130897,0.19669747619826095,0.02307544206376477,0.016309637577623968,0.11483960586902586,0.0113124883490655,0.0493467479173172,0.055947107889560775,0.025501966073248932,0.11513612123974167,0.0301090874226168,0.0373268419051641,0.008593947423282233,0.029322555825179036,0.017716612892195966,0.023363718186527566,0.022430496415424935,0.06709278310501947,0.0724463788040113,0.03379268932987827
563,0.04672199708514363,0.0134217712816519,0.029336887391955002,0.05524991480995616,0.04323675315523584,0.039320098658719195,0.03163896781386657,0.03671850104145643,0.04978661596907053,0.06070306282777327,0.042016028030619025,0.11551273497272253,0.0037639192804612663,0.04971710173681427,0.013842218590731868,0.09898294899075864,0.10047513562779437,0.06616877038320783,0.06504876228495576,0.0383378100671049
564,0.0110713448255026,0.0328989253962702,0.04708124085681534,0.008860684364995234,0.08488710152419743,0.0077083966787973,0.013543436018755364,0.1525589249999606,0.0341516021516291,0.11111633382915102,0.032035032971144566,0.0428940264269877,0.023839400946109434,0.02454754878835143,0.021938223185722333,0.0321620935945336,0.12925702206323827,0.12281327098362554,0.01690104079796637,0.04973434959624581
565,0.10334014954198377,0.18771199188810858,0.029808790962082665,0.012650510736749233,0.08203796713197907,0.027563517052685005,0.03903751596881736,0.056268335937166326,0.0322464102476621,0.04328788680764297,0.03919361656761617,0.014217327436237798,0.0154802148280166,0.021912039624372232,0.0818256764791942,0.0164270422979637,0.027052485658697667,0.0615763507528976,0.08521697282060774,0.023145197259518264
566,0.13729939527534443,0.019610269082579766,0.031669813885468,0.029347206613171296,0.04919122834021936,0.016392487775248002,0.016081395520648467,0.2033021575676728,0.012090950533740999,0.06602537210910864,0.056472055713346396,0.022121718538318833,0.020612464454159568,0.03472751275258987,0.011993694845914733,0.020069865374252833,0.07002612139344276,0.11679914662886287,0.03326634259791977,0.0329008009979897
